﻿<?xml version="1.0" encoding="utf-8"?>
<abapGit version="v1.0.0" serializer="LCL_OBJECT_CLAS" serializer_version="v1.0.0">
 <asx:abap xmlns:asx="http://www.sap.com/abapxml" version="1.0">
  <asx:values>
   <VSEOCLASS>
    <CLSNAME>ZCL_PMT_BC_CONVERSION_EXIT</CLSNAME>
    <VERSION>1</VERSION>
    <LANGU>E</LANGU>
    <DESCRIPT>Classe di conversione campi</DESCRIPT>
    <EXPOSURE>2</EXPOSURE>
    <STATE>1</STATE>
    <CLSFINAL>X</CLSFINAL>
    <CLSCCINCL>X</CLSCCINCL>
    <FIXPT>X</FIXPT>
    <UNICODE>X</UNICODE>
   </VSEOCLASS>
   <DESCRIPTIONS>
    <SEOCOMPOTX>
     <CLSNAME>ZCL_PMT_BC_CONVERSION_EXIT</CLSNAME>
     <CMPNAME>CONVERSION</CMPNAME>
     <LANGU>E</LANGU>
     <DESCRIPT>Metodo conversione generico</DESCRIPT>
    </SEOCOMPOTX>
    <SEOCOMPOTX>
     <CLSNAME>ZCL_PMT_BC_CONVERSION_EXIT</CLSNAME>
     <CMPNAME>CONVERSION_FIELD</CMPNAME>
     <LANGU>E</LANGU>
     <DESCRIPT>Metodo conversione campo</DESCRIPT>
    </SEOCOMPOTX>
    <SEOCOMPOTX>
     <CLSNAME>ZCL_PMT_BC_CONVERSION_EXIT</CLSNAME>
     <CMPNAME>CONVERSION_INPUT</CMPNAME>
     <LANGU>E</LANGU>
     <DESCRIPT>Metodo conversione in formato interno SAP</DESCRIPT>
    </SEOCOMPOTX>
    <SEOCOMPOTX>
     <CLSNAME>ZCL_PMT_BC_CONVERSION_EXIT</CLSNAME>
     <CMPNAME>CONVERSION_OUTPUT</CMPNAME>
     <LANGU>E</LANGU>
     <DESCRIPT>Metodo conversione in formato esterno SAP</DESCRIPT>
    </SEOCOMPOTX>
    <SEOCOMPOTX>
     <CLSNAME>ZCL_PMT_BC_CONVERSION_EXIT</CLSNAME>
     <CMPNAME>CONVERSION_STRUCT</CMPNAME>
     <LANGU>E</LANGU>
     <DESCRIPT>Metodo conversione struttura</DESCRIPT>
    </SEOCOMPOTX>
    <SEOCOMPOTX>
     <CLSNAME>ZCL_PMT_BC_CONVERSION_EXIT</CLSNAME>
     <CMPNAME>CONVERSION_TABLE</CMPNAME>
     <LANGU>E</LANGU>
     <DESCRIPT>Metodo conversione tabella</DESCRIPT>
    </SEOCOMPOTX>
    <SEOCOMPOTX>
     <CLSNAME>ZCL_PMT_BC_CONVERSION_EXIT</CLSNAME>
     <CMPNAME>C_INPUT</CMPNAME>
     <LANGU>E</LANGU>
     <DESCRIPT>Converti in formato interno SAP</DESCRIPT>
    </SEOCOMPOTX>
    <SEOCOMPOTX>
     <CLSNAME>ZCL_PMT_BC_CONVERSION_EXIT</CLSNAME>
     <CMPNAME>C_OUTPUT</CMPNAME>
     <LANGU>E</LANGU>
     <DESCRIPT>Converti in formato esterno SAP</DESCRIPT>
    </SEOCOMPOTX>
   </DESCRIPTIONS>
  </asx:values>
 </asx:abap>
</abapGit>
