﻿<?xml version="1.0" encoding="utf-8"?>
<abapGit version="v1.0.0" serializer="LCL_OBJECT_CLAS" serializer_version="v1.0.0">
 <asx:abap xmlns:asx="http://www.sap.com/abapxml" version="1.0">
  <asx:values>
   <VSEOCLASS>
    <CLSNAME>ZCL_PMT_BC_MAIL</CLSNAME>
    <VERSION>1</VERSION>
    <LANGU>E</LANGU>
    <DESCRIPT>Invio mail</DESCRIPT>
    <EXPOSURE>2</EXPOSURE>
    <STATE>1</STATE>
    <CLSFINAL>X</CLSFINAL>
    <CLSCCINCL>X</CLSCCINCL>
    <FIXPT>X</FIXPT>
    <UNICODE>X</UNICODE>
   </VSEOCLASS>
   <DESCRIPTIONS>
    <SEOCOMPOTX>
     <CLSNAME>ZCL_PMT_BC_MAIL</CLSNAME>
     <CMPNAME>ADD_ATTACHMENT</CMPNAME>
     <LANGU>E</LANGU>
     <DESCRIPT>Aggiunge allegato</DESCRIPT>
    </SEOCOMPOTX>
    <SEOCOMPOTX>
     <CLSNAME>ZCL_PMT_BC_MAIL</CLSNAME>
     <CMPNAME>ADD_CLOSURE</CMPNAME>
     <LANGU>E</LANGU>
     <DESCRIPT>Aggiunge testo alla fine della mail</DESCRIPT>
    </SEOCOMPOTX>
    <SEOCOMPOTX>
     <CLSNAME>ZCL_PMT_BC_MAIL</CLSNAME>
     <CMPNAME>ADD_HTML_BODY</CMPNAME>
     <LANGU>E</LANGU>
     <DESCRIPT>Aggiunge a corpo mail</DESCRIPT>
    </SEOCOMPOTX>
    <SEOCOMPOTX>
     <CLSNAME>ZCL_PMT_BC_MAIL</CLSNAME>
     <CMPNAME>ADD_HTML_HEAD</CMPNAME>
     <LANGU>E</LANGU>
     <DESCRIPT>Aggiunge a tag head nell&apos;html</DESCRIPT>
    </SEOCOMPOTX>
    <SEOCOMPOTX>
     <CLSNAME>ZCL_PMT_BC_MAIL</CLSNAME>
     <CMPNAME>ADD_MIME_TO_BODY</CMPNAME>
     <LANGU>E</LANGU>
     <DESCRIPT>Aggiunge oggetto MIME a corpo mail</DESCRIPT>
    </SEOCOMPOTX>
    <SEOCOMPOTX>
     <CLSNAME>ZCL_PMT_BC_MAIL</CLSNAME>
     <CMPNAME>ADD_RECIPIENT</CMPNAME>
     <LANGU>E</LANGU>
     <DESCRIPT>Aggiunge destinatario</DESCRIPT>
    </SEOCOMPOTX>
    <SEOCOMPOTX>
     <CLSNAME>ZCL_PMT_BC_MAIL</CLSNAME>
     <CMPNAME>ADD_SIGNATURE</CMPNAME>
     <LANGU>E</LANGU>
     <DESCRIPT>Aggiunge firma</DESCRIPT>
    </SEOCOMPOTX>
    <SEOCOMPOTX>
     <CLSNAME>ZCL_PMT_BC_MAIL</CLSNAME>
     <CMPNAME>BUILD_BODY</CMPNAME>
     <LANGU>E</LANGU>
     <DESCRIPT>Costruisce biody</DESCRIPT>
    </SEOCOMPOTX>
    <SEOCOMPOTX>
     <CLSNAME>ZCL_PMT_BC_MAIL</CLSNAME>
     <CMPNAME>BUILD_CLOSURE</CMPNAME>
     <LANGU>E</LANGU>
     <DESCRIPT>Costruisce testo finale mail</DESCRIPT>
    </SEOCOMPOTX>
    <SEOCOMPOTX>
     <CLSNAME>ZCL_PMT_BC_MAIL</CLSNAME>
     <CMPNAME>BUILD_HEAD</CMPNAME>
     <LANGU>E</LANGU>
     <DESCRIPT>Costruisce head</DESCRIPT>
    </SEOCOMPOTX>
    <SEOCOMPOTX>
     <CLSNAME>ZCL_PMT_BC_MAIL</CLSNAME>
     <CMPNAME>BUILD_HTML</CMPNAME>
     <LANGU>E</LANGU>
     <DESCRIPT>Costruisce html</DESCRIPT>
    </SEOCOMPOTX>
    <SEOCOMPOTX>
     <CLSNAME>ZCL_PMT_BC_MAIL</CLSNAME>
     <CMPNAME>CONSTRUCTOR</CMPNAME>
     <LANGU>E</LANGU>
     <DESCRIPT>Costruttore di classe</DESCRIPT>
    </SEOCOMPOTX>
    <SEOCOMPOTX>
     <CLSNAME>ZCL_PMT_BC_MAIL</CLSNAME>
     <CMPNAME>GET_MIME</CMPNAME>
     <LANGU>E</LANGU>
     <DESCRIPT>Get oggetto MIME</DESCRIPT>
    </SEOCOMPOTX>
    <SEOCOMPOTX>
     <CLSNAME>ZCL_PMT_BC_MAIL</CLSNAME>
     <CMPNAME>GO_DOCUMENT</CMPNAME>
     <LANGU>E</LANGU>
     <DESCRIPT>Office Documents</DESCRIPT>
    </SEOCOMPOTX>
    <SEOCOMPOTX>
     <CLSNAME>ZCL_PMT_BC_MAIL</CLSNAME>
     <CMPNAME>GO_MR_API</CMPNAME>
     <LANGU>E</LANGU>
     <DESCRIPT>Mime repository API</DESCRIPT>
    </SEOCOMPOTX>
    <SEOCOMPOTX>
     <CLSNAME>ZCL_PMT_BC_MAIL</CLSNAME>
     <CMPNAME>GO_RECIPIENT</CMPNAME>
     <LANGU>E</LANGU>
     <DESCRIPT>Interface of Recipient Object in BCS</DESCRIPT>
    </SEOCOMPOTX>
    <SEOCOMPOTX>
     <CLSNAME>ZCL_PMT_BC_MAIL</CLSNAME>
     <CMPNAME>GO_REQUEST</CMPNAME>
     <LANGU>E</LANGU>
     <DESCRIPT>Business Communication Service</DESCRIPT>
    </SEOCOMPOTX>
    <SEOCOMPOTX>
     <CLSNAME>ZCL_PMT_BC_MAIL</CLSNAME>
     <CMPNAME>GO_SENDER</CMPNAME>
     <LANGU>E</LANGU>
     <DESCRIPT>BCS: Represents an SAP User</DESCRIPT>
    </SEOCOMPOTX>
    <SEOCOMPOTX>
     <CLSNAME>ZCL_PMT_BC_MAIL</CLSNAME>
     <CMPNAME>GT_BODY</CMPNAME>
     <LANGU>E</LANGU>
     <DESCRIPT>Tabella testo</DESCRIPT>
    </SEOCOMPOTX>
    <SEOCOMPOTX>
     <CLSNAME>ZCL_PMT_BC_MAIL</CLSNAME>
     <CMPNAME>GT_CLOSURE</CMPNAME>
     <LANGU>E</LANGU>
     <DESCRIPT>Tabella testo</DESCRIPT>
    </SEOCOMPOTX>
    <SEOCOMPOTX>
     <CLSNAME>ZCL_PMT_BC_MAIL</CLSNAME>
     <CMPNAME>GT_HEAD</CMPNAME>
     <LANGU>E</LANGU>
     <DESCRIPT>Tabella testo</DESCRIPT>
    </SEOCOMPOTX>
    <SEOCOMPOTX>
     <CLSNAME>ZCL_PMT_BC_MAIL</CLSNAME>
     <CMPNAME>GT_HTML</CMPNAME>
     <LANGU>E</LANGU>
     <DESCRIPT>Tabella testo</DESCRIPT>
    </SEOCOMPOTX>
    <SEOCOMPOTX>
     <CLSNAME>ZCL_PMT_BC_MAIL</CLSNAME>
     <CMPNAME>GT_RECIPIENT</CMPNAME>
     <LANGU>E</LANGU>
     <DESCRIPT>Destinatari mail</DESCRIPT>
    </SEOCOMPOTX>
    <SEOCOMPOTX>
     <CLSNAME>ZCL_PMT_BC_MAIL</CLSNAME>
     <CMPNAME>GV_MIME_BASE64</CMPNAME>
     <LANGU>E</LANGU>
     <DESCRIPT>Contenuto oggetto MIME in base 64</DESCRIPT>
    </SEOCOMPOTX>
    <SEOCOMPOTX>
     <CLSNAME>ZCL_PMT_BC_MAIL</CLSNAME>
     <CMPNAME>GV_MIME_CONTENT</CMPNAME>
     <LANGU>E</LANGU>
     <DESCRIPT>Contenuto oggetto MIME in binario</DESCRIPT>
    </SEOCOMPOTX>
    <SEOCOMPOTX>
     <CLSNAME>ZCL_PMT_BC_MAIL</CLSNAME>
     <CMPNAME>GV_MIME_URL</CMPNAME>
     <LANGU>E</LANGU>
     <DESCRIPT>Url oggetto MIME</DESCRIPT>
    </SEOCOMPOTX>
    <SEOCOMPOTX>
     <CLSNAME>ZCL_PMT_BC_MAIL</CLSNAME>
     <CMPNAME>GV_MIME_WIDTH</CMPNAME>
     <LANGU>E</LANGU>
     <DESCRIPT>Proprietà width immagine</DESCRIPT>
    </SEOCOMPOTX>
    <SEOCOMPOTX>
     <CLSNAME>ZCL_PMT_BC_MAIL</CLSNAME>
     <CMPNAME>GV_SENDER</CMPNAME>
     <LANGU>E</LANGU>
     <DESCRIPT>Nome utente</DESCRIPT>
    </SEOCOMPOTX>
    <SEOCOMPOTX>
     <CLSNAME>ZCL_PMT_BC_MAIL</CLSNAME>
     <CMPNAME>GV_SIGNATURE</CMPNAME>
     <LANGU>E</LANGU>
     <DESCRIPT>La mail ha la firma</DESCRIPT>
    </SEOCOMPOTX>
    <SEOCOMPOTX>
     <CLSNAME>ZCL_PMT_BC_MAIL</CLSNAME>
     <CMPNAME>GV_SUBJECT</CMPNAME>
     <LANGU>E</LANGU>
     <DESCRIPT>Oggetto della mail</DESCRIPT>
    </SEOCOMPOTX>
    <SEOCOMPOTX>
     <CLSNAME>ZCL_PMT_BC_MAIL</CLSNAME>
     <CMPNAME>HTML_CLOSE_TAG</CMPNAME>
     <LANGU>E</LANGU>
     <DESCRIPT>Chiude tag html</DESCRIPT>
    </SEOCOMPOTX>
    <SEOCOMPOTX>
     <CLSNAME>ZCL_PMT_BC_MAIL</CLSNAME>
     <CMPNAME>HTML_OPEN_TAG</CMPNAME>
     <LANGU>E</LANGU>
     <DESCRIPT>Apre tag html</DESCRIPT>
    </SEOCOMPOTX>
    <SEOCOMPOTX>
     <CLSNAME>ZCL_PMT_BC_MAIL</CLSNAME>
     <CMPNAME>SEND</CMPNAME>
     <LANGU>E</LANGU>
     <DESCRIPT>Invia mail</DESCRIPT>
    </SEOCOMPOTX>
    <SEOCOMPOTX>
     <CLSNAME>ZCL_PMT_BC_MAIL</CLSNAME>
     <CMPNAME>SET_DOCUMENT</CMPNAME>
     <LANGU>E</LANGU>
     <DESCRIPT>Inizializza documento</DESCRIPT>
    </SEOCOMPOTX>
    <SEOCOMPOTX>
     <CLSNAME>ZCL_PMT_BC_MAIL</CLSNAME>
     <CMPNAME>SET_MIME_WIDTH</CMPNAME>
     <LANGU>E</LANGU>
     <DESCRIPT>Setta la lunghezza dell&apos;oggetto mime</DESCRIPT>
    </SEOCOMPOTX>
    <SEOCOMPOTX>
     <CLSNAME>ZCL_PMT_BC_MAIL</CLSNAME>
     <CMPNAME>SET_SENDER</CMPNAME>
     <LANGU>E</LANGU>
     <DESCRIPT>Setta mittente</DESCRIPT>
    </SEOCOMPOTX>
    <SEOCOMPOTX>
     <CLSNAME>ZCL_PMT_BC_MAIL</CLSNAME>
     <CMPNAME>SET_SUBJECT</CMPNAME>
     <LANGU>E</LANGU>
     <DESCRIPT>Setta oggetto mail</DESCRIPT>
    </SEOCOMPOTX>
    <SEOCOMPOTX>
     <CLSNAME>ZCL_PMT_BC_MAIL</CLSNAME>
     <CMPNAME>TY_S_ATTACHMENT</CMPNAME>
     <LANGU>E</LANGU>
     <DESCRIPT>Allegato mail</DESCRIPT>
    </SEOCOMPOTX>
    <SEOCOMPOTX>
     <CLSNAME>ZCL_PMT_BC_MAIL</CLSNAME>
     <CMPNAME>TY_S_RECIPIENT</CMPNAME>
     <LANGU>E</LANGU>
     <DESCRIPT>Indirizzo e-mail</DESCRIPT>
    </SEOCOMPOTX>
    <SEOCOMPOTX>
     <CLSNAME>ZCL_PMT_BC_MAIL</CLSNAME>
     <CMPNAME>TY_T_ATTACHMENT</CMPNAME>
     <LANGU>E</LANGU>
     <DESCRIPT>Allegato mail</DESCRIPT>
    </SEOCOMPOTX>
    <SEOCOMPOTX>
     <CLSNAME>ZCL_PMT_BC_MAIL</CLSNAME>
     <CMPNAME>TY_T_RECIPIENT</CMPNAME>
     <LANGU>E</LANGU>
     <DESCRIPT>Indirizzo e-mail</DESCRIPT>
    </SEOCOMPOTX>
    <SEOCOMPOTX>
     <CLSNAME>ZCL_PMT_BC_MAIL</CLSNAME>
     <CMPNAME>UPLOAD_MIME</CMPNAME>
     <LANGU>E</LANGU>
     <DESCRIPT>Upload oggetto MIME</DESCRIPT>
    </SEOCOMPOTX>
   </DESCRIPTIONS>
  </asx:values>
 </asx:abap>
</abapGit>
