﻿<?xml version="1.0" encoding="utf-8"?>
<abapGit version="v1.0.0" serializer="LCL_OBJECT_TABL" serializer_version="v1.0.0">
 <asx:abap xmlns:asx="http://www.sap.com/abapxml" version="1.0">
  <asx:values>
   <DD02V>
    <TABNAME>ZPMT_BC_MAIL_ATTACHMENT</TABNAME>
    <DDLANGUAGE>E</DDLANGUAGE>
    <TABCLASS>INTTAB</TABCLASS>
    <DDTEXT>content_</DDTEXT>
    <EXCLASS>4</EXCLASS>
   </DD02V>
   <DD03P_TABLE>
    <DD03P>
     <TABNAME>ZPMT_BC_MAIL_ATTACHMENT</TABNAME>
     <FIELDNAME>TYPE</FIELDNAME>
     <POSITION>0001</POSITION>
     <ROLLNAME>SO_OBJ_TP</ROLLNAME>
     <ADMINFIELD>0</ADMINFIELD>
     <COMPTYPE>E</COMPTYPE>
    </DD03P>
    <DD03P>
     <TABNAME>ZPMT_BC_MAIL_ATTACHMENT</TABNAME>
     <FIELDNAME>SUBJECT</FIELDNAME>
     <POSITION>0002</POSITION>
     <ROLLNAME>SO_OBJ_DES</ROLLNAME>
     <ADMINFIELD>0</ADMINFIELD>
     <COMPTYPE>E</COMPTYPE>
    </DD03P>
    <DD03P>
     <TABNAME>ZPMT_BC_MAIL_ATTACHMENT</TABNAME>
     <FIELDNAME>CONTENT_TEXT</FIELDNAME>
     <POSITION>0003</POSITION>
     <ROLLNAME>SOLI_TAB</ROLLNAME>
     <ADMINFIELD>0</ADMINFIELD>
     <DATATYPE>TTYP</DATATYPE>
     <MASK>  TTYPL</MASK>
     <COMPTYPE>L</COMPTYPE>
    </DD03P>
    <DD03P>
     <TABNAME>ZPMT_BC_MAIL_ATTACHMENT</TABNAME>
     <FIELDNAME>CONTENT_HEX</FIELDNAME>
     <POSITION>0004</POSITION>
     <ROLLNAME>SOLIX_TAB</ROLLNAME>
     <ADMINFIELD>0</ADMINFIELD>
     <DATATYPE>TTYP</DATATYPE>
     <MASK>  TTYPL</MASK>
     <COMPTYPE>L</COMPTYPE>
    </DD03P>
    <DD03P>
     <TABNAME>ZPMT_BC_MAIL_ATTACHMENT</TABNAME>
     <FIELDNAME>FILE</FIELDNAME>
     <POSITION>0005</POSITION>
     <ROLLNAME>/BI0/OIRSPL_FILEN</ROLLNAME>
     <ADMINFIELD>0</ADMINFIELD>
     <SHLPORIGIN>D</SHLPORIGIN>
     <COMPTYPE>E</COMPTYPE>
    </DD03P>
   </DD03P_TABLE>
  </asx:values>
 </asx:abap>
</abapGit>
