﻿<?xml version="1.0" encoding="utf-8"?>
<abapGit version="v1.0.0" serializer="LCL_OBJECT_CLAS" serializer_version="v1.0.0">
 <asx:abap xmlns:asx="http://www.sap.com/abapxml" version="1.0">
  <asx:values>
   <VSEOCLASS>
    <CLSNAME>ZCL_PMT_BC_CLASS</CLSNAME>
    <VERSION>1</VERSION>
    <LANGU>E</LANGU>
    <DESCRIPT>Class call method utility</DESCRIPT>
    <EXPOSURE>2</EXPOSURE>
    <STATE>1</STATE>
    <CLSCCINCL>X</CLSCCINCL>
    <FIXPT>X</FIXPT>
    <UNICODE>X</UNICODE>
   </VSEOCLASS>
   <DESCRIPTIONS>
    <SEOCOMPOTX>
     <CLSNAME>ZCL_PMT_BC_CLASS</CLSNAME>
     <CMPNAME>CALL</CMPNAME>
     <LANGU>E</LANGU>
     <DESCRIPT>Function module call</DESCRIPT>
    </SEOCOMPOTX>
    <SEOCOMPOTX>
     <CLSNAME>ZCL_PMT_BC_CLASS</CLSNAME>
     <CMPNAME>CONSTRUCTOR</CMPNAME>
     <LANGU>E</LANGU>
     <DESCRIPT>Constructor</DESCRIPT>
    </SEOCOMPOTX>
    <SEOCOMPOTX>
     <CLSNAME>ZCL_PMT_BC_CLASS</CLSNAME>
     <CMPNAME>GET_CLASS</CMPNAME>
     <LANGU>E</LANGU>
     <DESCRIPT>Get class name</DESCRIPT>
    </SEOCOMPOTX>
    <SEOCOMPOTX>
     <CLSNAME>ZCL_PMT_BC_CLASS</CLSNAME>
     <CMPNAME>GET_INTERFACE</CMPNAME>
     <LANGU>E</LANGU>
     <DESCRIPT>Get function module interface</DESCRIPT>
    </SEOCOMPOTX>
    <SEOCOMPOTX>
     <CLSNAME>ZCL_PMT_BC_CLASS</CLSNAME>
     <CMPNAME>GET_METHOD</CMPNAME>
     <LANGU>E</LANGU>
     <DESCRIPT>Get method name</DESCRIPT>
    </SEOCOMPOTX>
    <SEOCOMPOTX>
     <CLSNAME>ZCL_PMT_BC_CLASS</CLSNAME>
     <CMPNAME>GET_METHODS</CMPNAME>
     <LANGU>E</LANGU>
     <DESCRIPT>Get methods</DESCRIPT>
    </SEOCOMPOTX>
    <SEOCOMPOTX>
     <CLSNAME>ZCL_PMT_BC_CLASS</CLSNAME>
     <CMPNAME>GET_RESULTS</CMPNAME>
     <LANGU>E</LANGU>
     <DESCRIPT>Get function module results</DESCRIPT>
    </SEOCOMPOTX>
   </DESCRIPTIONS>
  </asx:values>
 </asx:abap>
</abapGit>
