﻿<?xml version="1.0" encoding="utf-8"?>
<abapGit version="v1.0.0" serializer="LCL_OBJECT_CLAS" serializer_version="v1.0.0">
 <asx:abap xmlns:asx="http://www.sap.com/abapxml" version="1.0">
  <asx:values>
   <VSEOCLASS>
    <CLSNAME>ZCL_PMT_BC_JSON</CLSNAME>
    <VERSION>1</VERSION>
    <LANGU>E</LANGU>
    <DESCRIPT>Json class</DESCRIPT>
    <EXPOSURE>2</EXPOSURE>
    <STATE>1</STATE>
    <CLSCCINCL>X</CLSCCINCL>
    <FIXPT>X</FIXPT>
    <UNICODE>X</UNICODE>
   </VSEOCLASS>
   <DESCRIPTIONS>
    <SEOCOMPOTX>
     <CLSNAME>ZCL_PMT_BC_JSON</CLSNAME>
     <CMPNAME>ADD</CMPNAME>
     <LANGU>E</LANGU>
     <DESCRIPT>Add</DESCRIPT>
    </SEOCOMPOTX>
    <SEOCOMPOTX>
     <CLSNAME>ZCL_PMT_BC_JSON</CLSNAME>
     <CMPNAME>CLOSE</CMPNAME>
     <LANGU>E</LANGU>
     <DESCRIPT>Close json</DESCRIPT>
    </SEOCOMPOTX>
    <SEOCOMPOTX>
     <CLSNAME>ZCL_PMT_BC_JSON</CLSNAME>
     <CMPNAME>CONSTRUCTOR</CMPNAME>
     <LANGU>E</LANGU>
     <DESCRIPT>Constructor</DESCRIPT>
    </SEOCOMPOTX>
    <SEOCOMPOTX>
     <CLSNAME>ZCL_PMT_BC_JSON</CLSNAME>
     <CMPNAME>GET_JSON</CMPNAME>
     <LANGU>E</LANGU>
     <DESCRIPT>Get json string</DESCRIPT>
    </SEOCOMPOTX>
    <SEOCOMPOTX>
     <CLSNAME>ZCL_PMT_BC_JSON</CLSNAME>
     <CMPNAME>GV_JSON</CMPNAME>
     <LANGU>E</LANGU>
     <DESCRIPT>Jsonp string</DESCRIPT>
    </SEOCOMPOTX>
    <SEOCOMPOTX>
     <CLSNAME>ZCL_PMT_BC_JSON</CLSNAME>
     <CMPNAME>JSON_TO_DATA</CMPNAME>
     <LANGU>E</LANGU>
     <DESCRIPT>Get data from json string</DESCRIPT>
    </SEOCOMPOTX>
    <SEOCOMPOTX>
     <CLSNAME>ZCL_PMT_BC_JSON</CLSNAME>
     <CMPNAME>OPEN</CMPNAME>
     <LANGU>E</LANGU>
     <DESCRIPT>Open json</DESCRIPT>
    </SEOCOMPOTX>
   </DESCRIPTIONS>
  </asx:values>
 </asx:abap>
</abapGit>
