﻿<?xml version="1.0" encoding="utf-8"?>
<abapGit version="v1.0.0" serializer="LCL_OBJECT_CLAS" serializer_version="v1.0.0">
 <asx:abap xmlns:asx="http://www.sap.com/abapxml" version="1.0">
  <asx:values>
   <VSEOCLASS>
    <CLSNAME>ZCL_PMT_BC_PROGRAM</CLSNAME>
    <VERSION>1</VERSION>
    <LANGU>E</LANGU>
    <DESCRIPT>Classe base astratta</DESCRIPT>
    <EXPOSURE>2</EXPOSURE>
    <STATE>1</STATE>
    <CLSABSTRCT>X</CLSABSTRCT>
    <CLSCCINCL>X</CLSCCINCL>
    <FIXPT>X</FIXPT>
    <UNICODE>X</UNICODE>
   </VSEOCLASS>
   <DESCRIPTIONS>
    <SEOCOMPOTX>
     <CLSNAME>ZCL_PMT_BC_PROGRAM</CLSNAME>
     <CMPNAME>ADD_ALV</CMPNAME>
     <LANGU>E</LANGU>
     <DESCRIPT>Add alv</DESCRIPT>
    </SEOCOMPOTX>
    <SEOCOMPOTX>
     <CLSNAME>ZCL_PMT_BC_PROGRAM</CLSNAME>
     <CMPNAME>ALV_CREATE</CMPNAME>
     <LANGU>E</LANGU>
     <DESCRIPT>Create alv</DESCRIPT>
    </SEOCOMPOTX>
    <SEOCOMPOTX>
     <CLSNAME>ZCL_PMT_BC_PROGRAM</CLSNAME>
     <CMPNAME>ALV_SHOW</CMPNAME>
     <LANGU>E</LANGU>
     <DESCRIPT>Show alv</DESCRIPT>
    </SEOCOMPOTX>
    <SEOCOMPOTX>
     <CLSNAME>ZCL_PMT_BC_PROGRAM</CLSNAME>
     <CMPNAME>CONSTRUCTOR</CMPNAME>
     <LANGU>E</LANGU>
     <DESCRIPT>Constructor</DESCRIPT>
    </SEOCOMPOTX>
    <SEOCOMPOTX>
     <CLSNAME>ZCL_PMT_BC_PROGRAM</CLSNAME>
     <CMPNAME>GET_ALV</CMPNAME>
     <LANGU>E</LANGU>
     <DESCRIPT>Get Alv</DESCRIPT>
    </SEOCOMPOTX>
    <SEOCOMPOTX>
     <CLSNAME>ZCL_PMT_BC_PROGRAM</CLSNAME>
     <CMPNAME>GET_DATA</CMPNAME>
     <LANGU>E</LANGU>
     <DESCRIPT>Return extracted data of derived class</DESCRIPT>
    </SEOCOMPOTX>
    <SEOCOMPOTX>
     <CLSNAME>ZCL_PMT_BC_PROGRAM</CLSNAME>
     <CMPNAME>GET_DYNPRO</CMPNAME>
     <LANGU>E</LANGU>
     <DESCRIPT>Return dynpro number of calling program</DESCRIPT>
    </SEOCOMPOTX>
    <SEOCOMPOTX>
     <CLSNAME>ZCL_PMT_BC_PROGRAM</CLSNAME>
     <CMPNAME>GET_LANGUAGE</CMPNAME>
     <LANGU>E</LANGU>
     <DESCRIPT>Restituisce lingua</DESCRIPT>
    </SEOCOMPOTX>
    <SEOCOMPOTX>
     <CLSNAME>ZCL_PMT_BC_PROGRAM</CLSNAME>
     <CMPNAME>GET_PFSTATUS</CMPNAME>
     <LANGU>E</LANGU>
     <DESCRIPT>Restituisce stato gui</DESCRIPT>
    </SEOCOMPOTX>
    <SEOCOMPOTX>
     <CLSNAME>ZCL_PMT_BC_PROGRAM</CLSNAME>
     <CMPNAME>GET_PROGRAM</CMPNAME>
     <LANGU>E</LANGU>
     <DESCRIPT>Restituisce programma</DESCRIPT>
    </SEOCOMPOTX>
    <SEOCOMPOTX>
     <CLSNAME>ZCL_PMT_BC_PROGRAM</CLSNAME>
     <CMPNAME>GET_REFRESH_DATA</CMPNAME>
     <LANGU>E</LANGU>
     <DESCRIPT>Get data refresh</DESCRIPT>
    </SEOCOMPOTX>
    <SEOCOMPOTX>
     <CLSNAME>ZCL_PMT_BC_PROGRAM</CLSNAME>
     <CMPNAME>GET_SELECTIONS</CMPNAME>
     <LANGU>E</LANGU>
     <DESCRIPT>Return selection parameters of calling program</DESCRIPT>
    </SEOCOMPOTX>
    <SEOCOMPOTX>
     <CLSNAME>ZCL_PMT_BC_PROGRAM</CLSNAME>
     <CMPNAME>GET_TIMER</CMPNAME>
     <LANGU>E</LANGU>
     <DESCRIPT>Ritorna l&apos;oggetto timer</DESCRIPT>
    </SEOCOMPOTX>
    <SEOCOMPOTX>
     <CLSNAME>ZCL_PMT_BC_PROGRAM</CLSNAME>
     <CMPNAME>GO_ALV</CMPNAME>
     <LANGU>E</LANGU>
     <DESCRIPT>Classe gestione alv grid</DESCRIPT>
    </SEOCOMPOTX>
    <SEOCOMPOTX>
     <CLSNAME>ZCL_PMT_BC_PROGRAM</CLSNAME>
     <CMPNAME>GO_TIMER</CMPNAME>
     <LANGU>E</LANGU>
     <DESCRIPT>SAP Timer Control</DESCRIPT>
    </SEOCOMPOTX>
    <SEOCOMPOTX>
     <CLSNAME>ZCL_PMT_BC_PROGRAM</CLSNAME>
     <CMPNAME>GV_DYNPRO</CMPNAME>
     <LANGU>E</LANGU>
     <DESCRIPT>Campo sistema ABAOP: numero dynpro attuale</DESCRIPT>
    </SEOCOMPOTX>
    <SEOCOMPOTX>
     <CLSNAME>ZCL_PMT_BC_PROGRAM</CLSNAME>
     <CMPNAME>GV_LANGUAGE</CMPNAME>
     <LANGU>E</LANGU>
     <DESCRIPT>Campo sistema ABAP: chiave lingua dell&apos;ambiente testi</DESCRIPT>
    </SEOCOMPOTX>
    <SEOCOMPOTX>
     <CLSNAME>ZCL_PMT_BC_PROGRAM</CLSNAME>
     <CMPNAME>GV_PFSTATUS</CMPNAME>
     <LANGU>E</LANGU>
     <DESCRIPT>Stato GUI</DESCRIPT>
    </SEOCOMPOTX>
    <SEOCOMPOTX>
     <CLSNAME>ZCL_PMT_BC_PROGRAM</CLSNAME>
     <CMPNAME>GV_PROGRAM</CMPNAME>
     <LANGU>E</LANGU>
     <DESCRIPT>Programma chiamante</DESCRIPT>
    </SEOCOMPOTX>
    <SEOCOMPOTX>
     <CLSNAME>ZCL_PMT_BC_PROGRAM</CLSNAME>
     <CMPNAME>MODIFY_SCREEN</CMPNAME>
     <LANGU>E</LANGU>
     <DESCRIPT>Modify screen</DESCRIPT>
    </SEOCOMPOTX>
    <SEOCOMPOTX>
     <CLSNAME>ZCL_PMT_BC_PROGRAM</CLSNAME>
     <CMPNAME>REFRESH_DATA</CMPNAME>
     <LANGU>E</LANGU>
     <DESCRIPT>Refresh dei dati</DESCRIPT>
    </SEOCOMPOTX>
    <SEOCOMPOTX>
     <CLSNAME>ZCL_PMT_BC_PROGRAM</CLSNAME>
     <CMPNAME>RESET_SEL_REQ_FIELD</CMPNAME>
     <LANGU>E</LANGU>
     <DESCRIPT>Resetta i parametri di input</DESCRIPT>
    </SEOCOMPOTX>
    <SEOCOMPOTX>
     <CLSNAME>ZCL_PMT_BC_PROGRAM</CLSNAME>
     <CMPNAME>SET_ALV</CMPNAME>
     <LANGU>E</LANGU>
     <DESCRIPT>Set Alv</DESCRIPT>
    </SEOCOMPOTX>
    <SEOCOMPOTX>
     <CLSNAME>ZCL_PMT_BC_PROGRAM</CLSNAME>
     <CMPNAME>SET_DATA</CMPNAME>
     <LANGU>E</LANGU>
     <DESCRIPT>Set extracted data of derived class</DESCRIPT>
    </SEOCOMPOTX>
    <SEOCOMPOTX>
     <CLSNAME>ZCL_PMT_BC_PROGRAM</CLSNAME>
     <CMPNAME>SET_PFSTATUS</CMPNAME>
     <LANGU>E</LANGU>
     <DESCRIPT>Set gui status</DESCRIPT>
    </SEOCOMPOTX>
    <SEOCOMPOTX>
     <CLSNAME>ZCL_PMT_BC_PROGRAM</CLSNAME>
     <CMPNAME>SET_REFRESH_DATA</CMPNAME>
     <LANGU>E</LANGU>
     <DESCRIPT>Resetta il refresh dei dati</DESCRIPT>
    </SEOCOMPOTX>
    <SEOCOMPOTX>
     <CLSNAME>ZCL_PMT_BC_PROGRAM</CLSNAME>
     <CMPNAME>SET_SCREEN_DIALOG</CMPNAME>
     <LANGU>E</LANGU>
     <DESCRIPT>Set dialog</DESCRIPT>
    </SEOCOMPOTX>
    <SEOCOMPOTX>
     <CLSNAME>ZCL_PMT_BC_PROGRAM</CLSNAME>
     <CMPNAME>SET_SELECTIONS</CMPNAME>
     <LANGU>E</LANGU>
     <DESCRIPT>Importa parametri di selezione dal programma chiamante</DESCRIPT>
    </SEOCOMPOTX>
    <SEOCOMPOTX>
     <CLSNAME>ZCL_PMT_BC_PROGRAM</CLSNAME>
     <CMPNAME>SET_SEL_REQ_FIELD</CMPNAME>
     <LANGU>E</LANGU>
     <DESCRIPT>Setta i parametri di input</DESCRIPT>
    </SEOCOMPOTX>
    <SEOCOMPOTX>
     <CLSNAME>ZCL_PMT_BC_PROGRAM</CLSNAME>
     <CMPNAME>TY_S_PARAMS</CMPNAME>
     <LANGU>E</LANGU>
     <DESCRIPT>ABAP: struttura gen. per parametri e opzioni di selezione</DESCRIPT>
    </SEOCOMPOTX>
    <SEOCOMPOTX>
     <CLSNAME>ZCL_PMT_BC_PROGRAM</CLSNAME>
     <CMPNAME>TY_S_SCREEN</CMPNAME>
     <LANGU>E</LANGU>
     <DESCRIPT>Descrizione struttura per oggetto dati sistema SCREEN</DESCRIPT>
    </SEOCOMPOTX>
   </DESCRIPTIONS>
  </asx:values>
 </asx:abap>
</abapGit>
