﻿<?xml version="1.0" encoding="utf-8"?>
<abapGit version="v1.0.0" serializer="LCL_OBJECT_MSAG" serializer_version="v1.0.0">
 <asx:abap xmlns:asx="http://www.sap.com/abapxml" version="1.0">
  <asx:values>
   <T100A>
    <ARBGB>Z_PMT_BC_FILE</ARBGB>
    <MASTERLANG>E</MASTERLANG>
   </T100A>
   <T100>
    <T100>
     <SPRSL>E</SPRSL>
     <ARBGB>Z_PMT_BC_FILE</ARBGB>
     <MSGNR>000</MSGNR>
     <TEXT>&amp; &amp; &amp; &amp;</TEXT>
    </T100>
    <T100>
     <SPRSL>E</SPRSL>
     <ARBGB>Z_PMT_BC_FILE</ARBGB>
     <MSGNR>001</MSGNR>
     <TEXT>Invalid subdir</TEXT>
    </T100>
    <T100>
     <SPRSL>E</SPRSL>
     <ARBGB>Z_PMT_BC_FILE</ARBGB>
     <MSGNR>002</MSGNR>
     <TEXT>Sapgparam_failed</TEXT>
    </T100>
    <T100>
     <SPRSL>E</SPRSL>
     <ARBGB>Z_PMT_BC_FILE</ARBGB>
     <MSGNR>003</MSGNR>
     <TEXT>Build directory failed</TEXT>
    </T100>
    <T100>
     <SPRSL>E</SPRSL>
     <ARBGB>Z_PMT_BC_FILE</ARBGB>
     <MSGNR>004</MSGNR>
     <TEXT>No_authorization</TEXT>
    </T100>
    <T100>
     <SPRSL>E</SPRSL>
     <ARBGB>Z_PMT_BC_FILE</ARBGB>
     <MSGNR>005</MSGNR>
     <TEXT>Read directory failed</TEXT>
    </T100>
    <T100>
     <SPRSL>E</SPRSL>
     <ARBGB>Z_PMT_BC_FILE</ARBGB>
     <MSGNR>006</MSGNR>
     <TEXT>Too many read errors</TEXT>
    </T100>
    <T100>
     <SPRSL>E</SPRSL>
     <ARBGB>Z_PMT_BC_FILE</ARBGB>
     <MSGNR>007</MSGNR>
     <TEXT>Empty directory list</TEXT>
    </T100>
    <T100>
     <SPRSL>E</SPRSL>
     <ARBGB>Z_PMT_BC_FILE</ARBGB>
     <MSGNR>008</MSGNR>
     <TEXT>Generic read error</TEXT>
    </T100>
    <T100>
     <SPRSL>E</SPRSL>
     <ARBGB>Z_PMT_BC_FILE</ARBGB>
     <MSGNR>009</MSGNR>
     <TEXT>Wrong file location entry: &amp;</TEXT>
    </T100>
    <T100>
     <SPRSL>E</SPRSL>
     <ARBGB>Z_PMT_BC_FILE</ARBGB>
     <MSGNR>010</MSGNR>
     <TEXT>Unable to open file &amp;</TEXT>
    </T100>
   </T100>
  </asx:values>
 </asx:abap>
</abapGit>
