﻿<?xml version="1.0" encoding="utf-8"?>
<abapGit version="v1.0.0" serializer="LCL_OBJECT_CLAS" serializer_version="v1.0.0">
 <asx:abap xmlns:asx="http://www.sap.com/abapxml" version="1.0">
  <asx:values>
   <VSEOCLASS>
    <CLSNAME>ZCL_PMT_BC_FILE</CLSNAME>
    <VERSION>1</VERSION>
    <LANGU>E</LANGU>
    <DESCRIPT>File iIO</DESCRIPT>
    <EXPOSURE>2</EXPOSURE>
    <STATE>1</STATE>
    <CLSCCINCL>X</CLSCCINCL>
    <FIXPT>X</FIXPT>
    <UNICODE>X</UNICODE>
   </VSEOCLASS>
   <DESCRIPTIONS>
    <SEOCOMPOTX>
     <CLSNAME>ZCL_PMT_BC_FILE</CLSNAME>
     <CMPNAME>CONSTRUCTOR</CMPNAME>
     <LANGU>E</LANGU>
     <DESCRIPT>Constructor</DESCRIPT>
    </SEOCOMPOTX>
    <SEOCOMPOTX>
     <CLSNAME>ZCL_PMT_BC_FILE</CLSNAME>
     <CMPNAME>C_FILE_LOCATION_LOCAL</CMPNAME>
     <LANGU>E</LANGU>
     <DESCRIPT>File location local</DESCRIPT>
    </SEOCOMPOTX>
    <SEOCOMPOTX>
     <CLSNAME>ZCL_PMT_BC_FILE</CLSNAME>
     <CMPNAME>C_FILE_LOCATION_SERVER</CMPNAME>
     <LANGU>E</LANGU>
     <DESCRIPT>File location server</DESCRIPT>
    </SEOCOMPOTX>
    <SEOCOMPOTX>
     <CLSNAME>ZCL_PMT_BC_FILE</CLSNAME>
     <CMPNAME>C_FILE_TYPE_ASCII</CMPNAME>
     <LANGU>E</LANGU>
     <DESCRIPT>Fuile type ASCII</DESCRIPT>
    </SEOCOMPOTX>
    <SEOCOMPOTX>
     <CLSNAME>ZCL_PMT_BC_FILE</CLSNAME>
     <CMPNAME>C_FILE_TYPE_BINAR</CMPNAME>
     <LANGU>E</LANGU>
     <DESCRIPT>Fuile type BINAR</DESCRIPT>
    </SEOCOMPOTX>
    <SEOCOMPOTX>
     <CLSNAME>ZCL_PMT_BC_FILE</CLSNAME>
     <CMPNAME>GET_FILENAME</CMPNAME>
     <LANGU>E</LANGU>
     <DESCRIPT>Get filename from fullpath</DESCRIPT>
    </SEOCOMPOTX>
    <SEOCOMPOTX>
     <CLSNAME>ZCL_PMT_BC_FILE</CLSNAME>
     <CMPNAME>GET_FILE_LOCATION</CMPNAME>
     <LANGU>E</LANGU>
     <DESCRIPT>Get file location (local or server)</DESCRIPT>
    </SEOCOMPOTX>
    <SEOCOMPOTX>
     <CLSNAME>ZCL_PMT_BC_FILE</CLSNAME>
     <CMPNAME>GET_FULL_PATH</CMPNAME>
     <LANGU>E</LANGU>
     <DESCRIPT>Get fullpath</DESCRIPT>
    </SEOCOMPOTX>
    <SEOCOMPOTX>
     <CLSNAME>ZCL_PMT_BC_FILE</CLSNAME>
     <CMPNAME>GET_PATH</CMPNAME>
     <LANGU>E</LANGU>
     <DESCRIPT>Get path from fullpath</DESCRIPT>
    </SEOCOMPOTX>
    <SEOCOMPOTX>
     <CLSNAME>ZCL_PMT_BC_FILE</CLSNAME>
     <CMPNAME>GET_PATH_SEPARATOR</CMPNAME>
     <LANGU>E</LANGU>
     <DESCRIPT>Get path separator</DESCRIPT>
    </SEOCOMPOTX>
    <SEOCOMPOTX>
     <CLSNAME>ZCL_PMT_BC_FILE</CLSNAME>
     <CMPNAME>GV_FILENAME</CMPNAME>
     <LANGU>E</LANGU>
     <DESCRIPT>Filename</DESCRIPT>
    </SEOCOMPOTX>
    <SEOCOMPOTX>
     <CLSNAME>ZCL_PMT_BC_FILE</CLSNAME>
     <CMPNAME>GV_FILE_LOCATION</CMPNAME>
     <LANGU>E</LANGU>
     <DESCRIPT>File type</DESCRIPT>
    </SEOCOMPOTX>
    <SEOCOMPOTX>
     <CLSNAME>ZCL_PMT_BC_FILE</CLSNAME>
     <CMPNAME>GV_FILE_TYPE</CMPNAME>
     <LANGU>E</LANGU>
     <DESCRIPT>Character Field Length = 10</DESCRIPT>
    </SEOCOMPOTX>
    <SEOCOMPOTX>
     <CLSNAME>ZCL_PMT_BC_FILE</CLSNAME>
     <CMPNAME>GV_FULL_PATH</CMPNAME>
     <LANGU>E</LANGU>
     <DESCRIPT>Full path included filename</DESCRIPT>
    </SEOCOMPOTX>
    <SEOCOMPOTX>
     <CLSNAME>ZCL_PMT_BC_FILE</CLSNAME>
     <CMPNAME>GV_PATH</CMPNAME>
     <LANGU>E</LANGU>
     <DESCRIPT>Path (without filename)</DESCRIPT>
    </SEOCOMPOTX>
    <SEOCOMPOTX>
     <CLSNAME>ZCL_PMT_BC_FILE</CLSNAME>
     <CMPNAME>MOVE</CMPNAME>
     <LANGU>E</LANGU>
     <DESCRIPT>Move file from source to destination</DESCRIPT>
    </SEOCOMPOTX>
    <SEOCOMPOTX>
     <CLSNAME>ZCL_PMT_BC_FILE</CLSNAME>
     <CMPNAME>OPEN_DIALOG</CMPNAME>
     <LANGU>E</LANGU>
     <DESCRIPT>Open file dialog</DESCRIPT>
    </SEOCOMPOTX>
    <SEOCOMPOTX>
     <CLSNAME>ZCL_PMT_BC_FILE</CLSNAME>
     <CMPNAME>OPEN_DIALOG_LOCAL</CMPNAME>
     <LANGU>E</LANGU>
     <DESCRIPT>Open local file dialog</DESCRIPT>
    </SEOCOMPOTX>
    <SEOCOMPOTX>
     <CLSNAME>ZCL_PMT_BC_FILE</CLSNAME>
     <CMPNAME>OPEN_DIALOG_SERVER</CMPNAME>
     <LANGU>E</LANGU>
     <DESCRIPT>Open server file dialog</DESCRIPT>
    </SEOCOMPOTX>
    <SEOCOMPOTX>
     <CLSNAME>ZCL_PMT_BC_FILE</CLSNAME>
     <CMPNAME>READ</CMPNAME>
     <LANGU>E</LANGU>
     <DESCRIPT>Read file</DESCRIPT>
    </SEOCOMPOTX>
    <SEOCOMPOTX>
     <CLSNAME>ZCL_PMT_BC_FILE</CLSNAME>
     <CMPNAME>READ_LOCAL</CMPNAME>
     <LANGU>E</LANGU>
     <DESCRIPT>Read local file</DESCRIPT>
    </SEOCOMPOTX>
    <SEOCOMPOTX>
     <CLSNAME>ZCL_PMT_BC_FILE</CLSNAME>
     <CMPNAME>READ_SERVER</CMPNAME>
     <LANGU>E</LANGU>
     <DESCRIPT>Read server file</DESCRIPT>
    </SEOCOMPOTX>
    <SEOCOMPOTX>
     <CLSNAME>ZCL_PMT_BC_FILE</CLSNAME>
     <CMPNAME>SAVE_DIALOG</CMPNAME>
     <LANGU>E</LANGU>
     <DESCRIPT>Save file dialog</DESCRIPT>
    </SEOCOMPOTX>
    <SEOCOMPOTX>
     <CLSNAME>ZCL_PMT_BC_FILE</CLSNAME>
     <CMPNAME>SET</CMPNAME>
     <LANGU>E</LANGU>
     <DESCRIPT>Set properties</DESCRIPT>
    </SEOCOMPOTX>
    <SEOCOMPOTX>
     <CLSNAME>ZCL_PMT_BC_FILE</CLSNAME>
     <CMPNAME>SET_FILE_LOCATION</CMPNAME>
     <LANGU>E</LANGU>
     <DESCRIPT>Set file location</DESCRIPT>
    </SEOCOMPOTX>
    <SEOCOMPOTX>
     <CLSNAME>ZCL_PMT_BC_FILE</CLSNAME>
     <CMPNAME>SET_FULL_PATH</CMPNAME>
     <LANGU>E</LANGU>
     <DESCRIPT>Set full path</DESCRIPT>
    </SEOCOMPOTX>
    <SEOCOMPOTX>
     <CLSNAME>ZCL_PMT_BC_FILE</CLSNAME>
     <CMPNAME>WRITE</CMPNAME>
     <LANGU>E</LANGU>
     <DESCRIPT>Write file</DESCRIPT>
    </SEOCOMPOTX>
    <SEOCOMPOTX>
     <CLSNAME>ZCL_PMT_BC_FILE</CLSNAME>
     <CMPNAME>WRITE_LOCAL</CMPNAME>
     <LANGU>E</LANGU>
     <DESCRIPT>Write local file</DESCRIPT>
    </SEOCOMPOTX>
    <SEOCOMPOTX>
     <CLSNAME>ZCL_PMT_BC_FILE</CLSNAME>
     <CMPNAME>WRITE_SERVER</CMPNAME>
     <LANGU>E</LANGU>
     <DESCRIPT>Write server file</DESCRIPT>
    </SEOCOMPOTX>
   </DESCRIPTIONS>
  </asx:values>
 </asx:abap>
</abapGit>
