﻿<?xml version="1.0" encoding="utf-8"?>
<abapGit version="v1.0.0" serializer="LCL_OBJECT_CLAS" serializer_version="v1.0.0">
 <asx:abap xmlns:asx="http://www.sap.com/abapxml" version="1.0">
  <asx:values>
   <VSEOCLASS>
    <CLSNAME>ZCL_WRFC_MAINTAIN_USERS</CLSNAME>
    <VERSION>1</VERSION>
    <LANGU>E</LANGU>
    <DESCRIPT>ECTR - Normalizzatore</DESCRIPT>
    <EXPOSURE>2</EXPOSURE>
    <STATE>1</STATE>
    <CLSCCINCL>X</CLSCCINCL>
    <FIXPT>X</FIXPT>
    <UNICODE>X</UNICODE>
   </VSEOCLASS>
   <TPOOL>
    <item>
     <ID>I</ID>
     <KEY>001</KEY>
     <ENTRY>Dunps</ENTRY>
     <LENGTH>15</LENGTH>
    </item>
   </TPOOL>
   <DESCRIPTIONS>
    <SEOCOMPOTX>
     <CLSNAME>ZCL_WRFC_MAINTAIN_USERS</CLSNAME>
     <CMPNAME>ADD_USER</CMPNAME>
     <LANGU>E</LANGU>
     <DESCRIPT>Add user</DESCRIPT>
    </SEOCOMPOTX>
    <SEOCOMPOTX>
     <CLSNAME>ZCL_WRFC_MAINTAIN_USERS</CLSNAME>
     <CMPNAME>AUTORITY_CHECK</CMPNAME>
     <LANGU>E</LANGU>
     <DESCRIPT>Non usato</DESCRIPT>
    </SEOCOMPOTX>
    <SEOCOMPOTX>
     <CLSNAME>ZCL_WRFC_MAINTAIN_USERS</CLSNAME>
     <CMPNAME>CONSTRUCTOR</CMPNAME>
     <LANGU>E</LANGU>
     <DESCRIPT>Costruttore</DESCRIPT>
    </SEOCOMPOTX>
    <SEOCOMPOTX>
     <CLSNAME>ZCL_WRFC_MAINTAIN_USERS</CLSNAME>
     <CMPNAME>CREATE_SELECTIONS</CMPNAME>
     <LANGU>E</LANGU>
     <DESCRIPT>Crea selezioni</DESCRIPT>
    </SEOCOMPOTX>
    <SEOCOMPOTX>
     <CLSNAME>ZCL_WRFC_MAINTAIN_USERS</CLSNAME>
     <CMPNAME>EDIT_USER</CMPNAME>
     <LANGU>E</LANGU>
     <DESCRIPT>Edit user</DESCRIPT>
    </SEOCOMPOTX>
    <SEOCOMPOTX>
     <CLSNAME>ZCL_WRFC_MAINTAIN_USERS</CLSNAME>
     <CMPNAME>GET_SEL</CMPNAME>
     <LANGU>E</LANGU>
     <DESCRIPT>Ritorna i parametri di selezione</DESCRIPT>
    </SEOCOMPOTX>
    <SEOCOMPOTX>
     <CLSNAME>ZCL_WRFC_MAINTAIN_USERS</CLSNAME>
     <CMPNAME>GT_DATA</CMPNAME>
     <LANGU>E</LANGU>
     <DESCRIPT>Table of webrfc users</DESCRIPT>
    </SEOCOMPOTX>
    <SEOCOMPOTX>
     <CLSNAME>ZCL_WRFC_MAINTAIN_USERS</CLSNAME>
     <CMPNAME>INITIALIZATION</CMPNAME>
     <LANGU>E</LANGU>
     <DESCRIPT>Inizializzazione</DESCRIPT>
    </SEOCOMPOTX>
    <SEOCOMPOTX>
     <CLSNAME>ZCL_WRFC_MAINTAIN_USERS</CLSNAME>
     <CMPNAME>REMOVE_USER</CMPNAME>
     <LANGU>E</LANGU>
     <DESCRIPT>Remove user</DESCRIPT>
    </SEOCOMPOTX>
    <SEOCOMPOTX>
     <CLSNAME>ZCL_WRFC_MAINTAIN_USERS</CLSNAME>
     <CMPNAME>RUN</CMPNAME>
     <LANGU>E</LANGU>
     <DESCRIPT>Esegue il programma</DESCRIPT>
    </SEOCOMPOTX>
    <SEOCOMPOTX>
     <CLSNAME>ZCL_WRFC_MAINTAIN_USERS</CLSNAME>
     <CMPNAME>TY_S_DATA</CMPNAME>
     <LANGU>E</LANGU>
     <DESCRIPT>Webrfc users</DESCRIPT>
    </SEOCOMPOTX>
   </DESCRIPTIONS>
  </asx:values>
 </asx:abap>
</abapGit>
