﻿<?xml version="1.0" encoding="utf-8"?>
<abapGit version="v1.0.0" serializer="LCL_OBJECT_CLAS" serializer_version="v1.0.0">
 <asx:abap xmlns:asx="http://www.sap.com/abapxml" version="1.0">
  <asx:values>
   <VSEOCLASS>
    <CLSNAME>ZCL_WRFC_CORE</CLSNAME>
    <VERSION>1</VERSION>
    <LANGU>E</LANGU>
    <DESCRIPT>Webrfc core class</DESCRIPT>
    <EXPOSURE>2</EXPOSURE>
    <STATE>1</STATE>
    <CLSCCINCL>X</CLSCCINCL>
    <FIXPT>X</FIXPT>
    <UNICODE>X</UNICODE>
   </VSEOCLASS>
   <DESCRIPTIONS>
    <SEOCOMPOTX>
     <CLSNAME>ZCL_WRFC_CORE</CLSNAME>
     <CMPNAME>ADD_MESSAGE</CMPNAME>
     <LANGU>E</LANGU>
     <DESCRIPT>Add message</DESCRIPT>
    </SEOCOMPOTX>
    <SEOCOMPOTX>
     <CLSNAME>ZCL_WRFC_CORE</CLSNAME>
     <CMPNAME>CONSTRUCTOR</CMPNAME>
     <LANGU>E</LANGU>
     <DESCRIPT>Constructor</DESCRIPT>
    </SEOCOMPOTX>
    <SEOCOMPOTX>
     <CLSNAME>ZCL_WRFC_CORE</CLSNAME>
     <CMPNAME>GET_FIELDS</CMPNAME>
     <LANGU>E</LANGU>
     <DESCRIPT>Get query fields</DESCRIPT>
    </SEOCOMPOTX>
    <SEOCOMPOTX>
     <CLSNAME>ZCL_WRFC_CORE</CLSNAME>
     <CMPNAME>GET_HTML</CMPNAME>
     <LANGU>E</LANGU>
     <DESCRIPT>Get html result</DESCRIPT>
    </SEOCOMPOTX>
    <SEOCOMPOTX>
     <CLSNAME>ZCL_WRFC_CORE</CLSNAME>
     <CMPNAME>GET_JSON</CMPNAME>
     <LANGU>E</LANGU>
     <DESCRIPT>Get json string</DESCRIPT>
    </SEOCOMPOTX>
    <SEOCOMPOTX>
     <CLSNAME>ZCL_WRFC_CORE</CLSNAME>
     <CMPNAME>GET_MIME</CMPNAME>
     <LANGU>E</LANGU>
     <DESCRIPT>Get MIME</DESCRIPT>
    </SEOCOMPOTX>
    <SEOCOMPOTX>
     <CLSNAME>ZCL_WRFC_CORE</CLSNAME>
     <CMPNAME>GET_QUERY</CMPNAME>
     <LANGU>E</LANGU>
     <DESCRIPT>Get query input</DESCRIPT>
    </SEOCOMPOTX>
    <SEOCOMPOTX>
     <CLSNAME>ZCL_WRFC_CORE</CLSNAME>
     <CMPNAME>GT_FIELDS</CMPNAME>
     <LANGU>E</LANGU>
     <DESCRIPT>List of fields to extract</DESCRIPT>
    </SEOCOMPOTX>
    <SEOCOMPOTX>
     <CLSNAME>ZCL_WRFC_CORE</CLSNAME>
     <CMPNAME>GT_HTML</CMPNAME>
     <LANGU>E</LANGU>
     <DESCRIPT>Table for HTML File</DESCRIPT>
    </SEOCOMPOTX>
    <SEOCOMPOTX>
     <CLSNAME>ZCL_WRFC_CORE</CLSNAME>
     <CMPNAME>GT_MIME</CMPNAME>
     <LANGU>E</LANGU>
     <DESCRIPT>ITS: Table Type for MIME Source</DESCRIPT>
    </SEOCOMPOTX>
    <SEOCOMPOTX>
     <CLSNAME>ZCL_WRFC_CORE</CLSNAME>
     <CMPNAME>GT_QUERY</CMPNAME>
     <LANGU>E</LANGU>
     <DESCRIPT>Query Table</DESCRIPT>
    </SEOCOMPOTX>
    <SEOCOMPOTX>
     <CLSNAME>ZCL_WRFC_CORE</CLSNAME>
     <CMPNAME>GV_WEBRFC_PASSWORD</CMPNAME>
     <LANGU>E</LANGU>
     <DESCRIPT>Password</DESCRIPT>
    </SEOCOMPOTX>
    <SEOCOMPOTX>
     <CLSNAME>ZCL_WRFC_CORE</CLSNAME>
     <CMPNAME>GV_WEBRFC_USER</CMPNAME>
     <LANGU>E</LANGU>
     <DESCRIPT>User</DESCRIPT>
    </SEOCOMPOTX>
   </DESCRIPTIONS>
  </asx:values>
 </asx:abap>
</abapGit>
