﻿<?xml version="1.0" encoding="utf-8"?>
<abapGit version="v1.0.0" serializer="LCL_OBJECT_TABL" serializer_version="v1.0.0">
 <asx:abap xmlns:asx="http://www.sap.com/abapxml" version="1.0">
  <asx:values>
   <DD02V>
    <TABNAME>ZWRFC_USERS</TABNAME>
    <DDLANGUAGE>E</DDLANGUAGE>
    <TABCLASS>TRANSP</TABCLASS>
    <CLIDEP>X</CLIDEP>
    <DDTEXT>Webrfc users</DDTEXT>
    <MAINFLAG>X</MAINFLAG>
    <CONTFLAG>A</CONTFLAG>
    <EXCLASS>4</EXCLASS>
   </DD02V>
   <DD09L>
    <TABNAME>ZWRFC_USERS</TABNAME>
    <AS4LOCAL>A</AS4LOCAL>
    <TABKAT>0</TABKAT>
    <TABART>APPL0</TABART>
    <BUFALLOW>N</BUFALLOW>
   </DD09L>
   <DD03P_TABLE>
    <DD03P>
     <TABNAME>ZWRFC_USERS</TABNAME>
     <FIELDNAME>MANDT</FIELDNAME>
     <POSITION>0001</POSITION>
     <KEYFLAG>X</KEYFLAG>
     <ROLLNAME>MANDT</ROLLNAME>
     <CHECKTABLE>T000</CHECKTABLE>
     <ADMINFIELD>0</ADMINFIELD>
     <NOTNULL>X</NOTNULL>
     <SHLPORIGIN>P</SHLPORIGIN>
     <COMPTYPE>E</COMPTYPE>
    </DD03P>
    <DD03P>
     <TABNAME>ZWRFC_USERS</TABNAME>
     <FIELDNAME>USR</FIELDNAME>
     <POSITION>0002</POSITION>
     <KEYFLAG>X</KEYFLAG>
     <ROLLNAME>ZWRFC_USER</ROLLNAME>
     <ADMINFIELD>0</ADMINFIELD>
     <NOTNULL>X</NOTNULL>
     <COMPTYPE>E</COMPTYPE>
    </DD03P>
    <DD03P>
     <TABNAME>ZWRFC_USERS</TABNAME>
     <FIELDNAME>PASSWORD</FIELDNAME>
     <POSITION>0003</POSITION>
     <ROLLNAME>ZWRFC_PASSWORD</ROLLNAME>
     <ADMINFIELD>0</ADMINFIELD>
     <COMPTYPE>E</COMPTYPE>
    </DD03P>
    <DD03P>
     <TABNAME>ZWRFC_USERS</TABNAME>
     <FIELDNAME>USER_TYPE</FIELDNAME>
     <POSITION>0004</POSITION>
     <ROLLNAME>ZWRFC_USER_TYPE</ROLLNAME>
     <ADMINFIELD>0</ADMINFIELD>
     <VALEXI>X</VALEXI>
     <SHLPORIGIN>F</SHLPORIGIN>
     <COMPTYPE>E</COMPTYPE>
    </DD03P>
    <DD03P>
     <TABNAME>ZWRFC_USERS</TABNAME>
     <FIELDNAME>ACTIVE</FIELDNAME>
     <POSITION>0005</POSITION>
     <ROLLNAME>ZWRFC_ACTIVE</ROLLNAME>
     <ADMINFIELD>0</ADMINFIELD>
     <COMPTYPE>E</COMPTYPE>
    </DD03P>
    <DD03P>
     <TABNAME>ZWRFC_USERS</TABNAME>
     <FIELDNAME>FIRST_NAME</FIELDNAME>
     <POSITION>0006</POSITION>
     <ROLLNAME>ZWRFC_FIRST_NAME</ROLLNAME>
     <ADMINFIELD>0</ADMINFIELD>
     <COMPTYPE>E</COMPTYPE>
    </DD03P>
    <DD03P>
     <TABNAME>ZWRFC_USERS</TABNAME>
     <FIELDNAME>LAST_NAME</FIELDNAME>
     <POSITION>0007</POSITION>
     <ROLLNAME>ZWRFC_LAST_NAME</ROLLNAME>
     <ADMINFIELD>0</ADMINFIELD>
     <COMPTYPE>E</COMPTYPE>
    </DD03P>
    <DD03P>
     <TABNAME>ZWRFC_USERS</TABNAME>
     <FIELDNAME>FULL_NAME</FIELDNAME>
     <POSITION>0008</POSITION>
     <ROLLNAME>ZWRFC_FULL_NAME</ROLLNAME>
     <ADMINFIELD>0</ADMINFIELD>
     <COMPTYPE>E</COMPTYPE>
    </DD03P>
    <DD03P>
     <TABNAME>ZWRFC_USERS</TABNAME>
     <FIELDNAME>PHONE_NUMBER</FIELDNAME>
     <POSITION>0009</POSITION>
     <ROLLNAME>AD_TLNMBR</ROLLNAME>
     <ADMINFIELD>0</ADMINFIELD>
     <COMPTYPE>E</COMPTYPE>
    </DD03P>
    <DD03P>
     <TABNAME>ZWRFC_USERS</TABNAME>
     <FIELDNAME>MOBILE_NUMBER</FIELDNAME>
     <POSITION>0010</POSITION>
     <ROLLNAME>AD_TLNMBR</ROLLNAME>
     <ADMINFIELD>0</ADMINFIELD>
     <COMPTYPE>E</COMPTYPE>
    </DD03P>
    <DD03P>
     <TABNAME>ZWRFC_USERS</TABNAME>
     <FIELDNAME>EMAIL</FIELDNAME>
     <POSITION>0011</POSITION>
     <ROLLNAME>ZWRFC_EMAIL</ROLLNAME>
     <ADMINFIELD>0</ADMINFIELD>
     <COMPTYPE>E</COMPTYPE>
    </DD03P>
   </DD03P_TABLE>
   <DD05M_TABLE>
    <DD05M>
     <TABNAME>ZWRFC_USERS</TABNAME>
     <FIELDNAME>MANDT</FIELDNAME>
     <FORTABLE>ZWRFC_USERS</FORTABLE>
     <FORKEY>MANDT</FORKEY>
     <CHECKTABLE>T000</CHECKTABLE>
     <CHECKFIELD>MANDT</CHECKFIELD>
     <PRIMPOS>0001</PRIMPOS>
     <DOMNAME>MANDT</DOMNAME>
     <DATATYPE>CLNT</DATATYPE>
     <LENG>000003</LENG>
    </DD05M>
   </DD05M_TABLE>
   <DD08V_TABLE>
    <DD08V>
     <TABNAME>ZWRFC_USERS</TABNAME>
     <FIELDNAME>MANDT</FIELDNAME>
     <DDLANGUAGE>E</DDLANGUAGE>
     <CHECKTABLE>T000</CHECKTABLE>
    </DD08V>
   </DD08V_TABLE>
  </asx:values>
 </asx:abap>
</abapGit>
