﻿<?xml version="1.0" encoding="utf-8"?>
<abapGit version="v1.0.0" serializer="LCL_OBJECT_ENQU" serializer_version="v1.0.0">
 <asx:abap xmlns:asx="http://www.sap.com/abapxml" version="1.0">
  <asx:values>
   <DD25V>
    <VIEWNAME>EZPP_ECTR_TO_SAP</VIEWNAME>
    <AS4LOCAL>A</AS4LOCAL>
    <DDLANGUAGE>I</DDLANGUAGE>
    <AGGTYPE>E</AGGTYPE>
    <ROOTTAB>ZPP_PDM_NOR_BOME</ROOTTAB>
    <DDTEXT>Oggetto di lock tabella ZPP_PDM_NOR_BOM</DDTEXT>
   </DD25V>
   <DD26E_TABLE>
    <DD26E>
     <VIEWNAME>EZPP_ECTR_TO_SAP</VIEWNAME>
     <TABNAME>ZPP_PDM_NOR_BOME</TABNAME>
     <TABPOS>0001</TABPOS>
     <FORTABNAME>ZPP_PDM_NOR_BOME</FORTABNAME>
     <ENQMODE>E</ENQMODE>
    </DD26E>
   </DD26E_TABLE>
   <DD27P_TABLE>
    <DD27P>
     <VIEWNAME>EZPP_ECTR_TO_SAP</VIEWNAME>
     <OBJPOS>0001</OBJPOS>
     <DDLANGUAGE>I</DDLANGUAGE>
     <VIEWFIELD>MANDT</VIEWFIELD>
     <TABNAME>ZPP_PDM_NOR_BOME</TABNAME>
     <FIELDNAME>MANDT</FIELDNAME>
     <KEYFLAG>X</KEYFLAG>
     <ROLLNAME>MANDT</ROLLNAME>
     <ROLLNAMEVI>MANDT</ROLLNAMEVI>
     <ENQMODE>E</ENQMODE>
     <DOMNAME>MANDT</DOMNAME>
     <DATATYPE>CLNT</DATATYPE>
     <FLENGTH>000003</FLENGTH>
     <CHECKTABLE>T000</CHECKTABLE>
     <SHLPORIGIN>P</SHLPORIGIN>
     <ENTITYTAB>T000</ENTITYTAB>
     <INTTYPE>C</INTTYPE>
     <INTLEN>000006</INTLEN>
     <HEADLEN>03</HEADLEN>
     <SCRLEN1>10</SCRLEN1>
     <SCRLEN2>15</SCRLEN2>
     <SCRLEN3>20</SCRLEN3>
     <OUTPUTLEN>000003</OUTPUTLEN>
     <DDTEXT>Mandante</DDTEXT>
     <REPTEXT>Mdt</REPTEXT>
     <SCRTEXT_S>Mandante</SCRTEXT_S>
     <SCRTEXT_M>Mandante</SCRTEXT_M>
     <SCRTEXT_L>Mandante</SCRTEXT_L>
    </DD27P>
   </DD27P_TABLE>
  </asx:values>
 </asx:abap>
</abapGit>
