﻿<?xml version="1.0" encoding="utf-8"?>
<abapGit version="v1.0.0" serializer="LCL_OBJECT_PROG" serializer_version="v1.0.0">
 <asx:abap xmlns:asx="http://www.sap.com/abapxml" version="1.0">
  <asx:values>
   <PROGDIR>
    <NAME>Z_BOM_EXPLOSION</NAME>
    <STATE>A</STATE>
    <VARCL>X</VARCL>
    <SUBC>1</SUBC>
    <RLOAD>I</RLOAD>
    <FIXPT>X</FIXPT>
    <UCCHECK>X</UCCHECK>
   </PROGDIR>
   <DYNPROS>
    <item>
     <HEADER>
      <PROGRAM>Z_BOM_EXPLOSION</PROGRAM>
      <SCREEN>0100</SCREEN>
      <LANGUAGE>I</LANGUAGE>
      <DESCRIPT>Dynpro iniziale Z_bom_explosion</DESCRIPT>
      <TYPE>N</TYPE>
      <NEXTSCREEN>0100</NEXTSCREEN>
      <LINES>026</LINES>
      <COLUMNS>177</COLUMNS>
     </HEADER>
     <CONTAINERS>
      <RPY_DYCATT>
       <TYPE>SCREEN</TYPE>
       <NAME>SCREEN</NAME>
      </RPY_DYCATT>
      <RPY_DYCATT>
       <TYPE>CUST_CTRL</TYPE>
       <NAME>CCONTAINER1</NAME>
       <ELEMENT_OF>SCREEN</ELEMENT_OF>
       <LINE>001</LINE>
       <COLUMN>001</COLUMN>
       <LENGTH>177</LENGTH>
       <HEIGHT>026</HEIGHT>
       <C_LINE_MIN>001</C_LINE_MIN>
       <C_COLN_MIN>001</C_COLN_MIN>
      </RPY_DYCATT>
     </CONTAINERS>
     <FIELDS>
      <RPY_DYFATC>
       <CONT_TYPE>SCREEN</CONT_TYPE>
       <CONT_NAME>SCREEN</CONT_NAME>
       <TYPE>OKCODE</TYPE>
       <TEXT>____________________</TEXT>
       <LENGTH>020</LENGTH>
       <VISLENGTH>020</VISLENGTH>
       <HEIGHT>001</HEIGHT>
       <FORMAT>CHAR</FORMAT>
       <INPUT_FLD>X</INPUT_FLD>
      </RPY_DYFATC>
     </FIELDS>
     <FLOW_LOGIC>
      <RPY_DYFLOW>
       <LINE>PROCESS BEFORE OUTPUT.</LINE>
      </RPY_DYFLOW>
      <RPY_DYFLOW>
       <LINE>MODULE pbo.</LINE>
      </RPY_DYFLOW>
      <RPY_DYFLOW>
       <LINE>*</LINE>
      </RPY_DYFLOW>
      <RPY_DYFLOW>
       <LINE>PROCESS AFTER INPUT.</LINE>
      </RPY_DYFLOW>
      <RPY_DYFLOW>
       <LINE>MODULE pai.</LINE>
      </RPY_DYFLOW>
     </FLOW_LOGIC>
     <SPACES>
      <item>0</item>
      <item>0</item>
      <item>0</item>
      <item>0</item>
      <item>0</item>
     </SPACES>
    </item>
   </DYNPROS>
   <CUA>
    <ADM>
     <ACTCODE>000001</ACTCODE>
     <PFKCODE>000001</PFKCODE>
    </ADM>
    <STA>
     <RSMPE_STAT>
      <CODE>MAIN100</CODE>
      <MODAL>D</MODAL>
      <ACTCODE>000001</ACTCODE>
      <PFKCODE>000001</PFKCODE>
      <BUTCODE>0001</BUTCODE>
      <INT_NOTE>Status for z_bom_explosion</INT_NOTE>
     </RSMPE_STAT>
    </STA>
    <FUN>
     <RSMPE_FUNT>
      <CODE>BACK</CODE>
      <TEXTNO>001</TEXTNO>
      <TEXT_TYPE>S</TEXT_TYPE>
      <FUN_TEXT>Indietro</FUN_TEXT>
     </RSMPE_FUNT>
     <RSMPE_FUNT>
      <CODE>CANCEL</CODE>
      <TEXTNO>001</TEXTNO>
      <TEXT_TYPE>S</TEXT_TYPE>
      <TEXT_NAME>ICON_CANCEL</TEXT_NAME>
      <ICON_ID>@0W@</ICON_ID>
      <FUN_TEXT>Interrompere</FUN_TEXT>
     </RSMPE_FUNT>
     <RSMPE_FUNT>
      <CODE>EXIT</CODE>
      <TEXTNO>001</TEXTNO>
      <TEXT_TYPE>S</TEXT_TYPE>
      <FUN_TEXT>Terminare</FUN_TEXT>
     </RSMPE_FUNT>
    </FUN>
    <PFK>
     <RSMPE_PFK>
      <CODE>000001</CODE>
      <PFNO>03</PFNO>
      <FUNCODE>BACK</FUNCODE>
      <FUNNO>001</FUNNO>
     </RSMPE_PFK>
     <RSMPE_PFK>
      <CODE>000001</CODE>
      <PFNO>12</PFNO>
      <FUNCODE>CANCEL</FUNCODE>
      <FUNNO>001</FUNNO>
     </RSMPE_PFK>
     <RSMPE_PFK>
      <CODE>000001</CODE>
      <PFNO>15</PFNO>
      <FUNCODE>EXIT</FUNCODE>
      <FUNNO>001</FUNNO>
     </RSMPE_PFK>
    </PFK>
    <SET>
     <RSMPE_STAF>
      <STATUS>MAIN100</STATUS>
      <FUNCTION>BACK</FUNCTION>
     </RSMPE_STAF>
     <RSMPE_STAF>
      <STATUS>MAIN100</STATUS>
      <FUNCTION>CANCEL</FUNCTION>
     </RSMPE_STAF>
     <RSMPE_STAF>
      <STATUS>MAIN100</STATUS>
      <FUNCTION>EXIT</FUNCTION>
     </RSMPE_STAF>
    </SET>
    <DOC>
     <RSMPE_ATRT>
      <OBJ_TYPE>A</OBJ_TYPE>
      <OBJ_CODE>000001</OBJ_CODE>
      <MODAL>D</MODAL>
      <INT_NOTE>Status for z_bom_explosion</INT_NOTE>
     </RSMPE_ATRT>
     <RSMPE_ATRT>
      <OBJ_TYPE>P</OBJ_TYPE>
      <OBJ_CODE>000001</OBJ_CODE>
      <MODAL>D</MODAL>
      <INT_NOTE>Status for z_bom_explosion</INT_NOTE>
     </RSMPE_ATRT>
     <RSMPE_ATRT>
      <OBJ_TYPE>B</OBJ_TYPE>
      <OBJ_CODE>000001</OBJ_CODE>
      <SUB_CODE>0001</SUB_CODE>
      <MODAL>D</MODAL>
      <INT_NOTE>Status for z_bom_explosion</INT_NOTE>
     </RSMPE_ATRT>
    </DOC>
    <TIT>
     <RSMPE_TITT>
      <CODE>MAINTITLE</CODE>
      <TEXT>BOM Hierarchy Explosion</TEXT>
     </RSMPE_TITT>
    </TIT>
   </CUA>
   <TPOOL>
    <item>
     <ID>I</ID>
     <KEY>805</KEY>
     <ENTRY>Impossibile generare la BOM</ENTRY>
     <LENGTH>54</LENGTH>
    </item>
    <item>
     <ID>I</ID>
     <KEY>905</KEY>
     <ENTRY>Numero di Modifica non trovato</ENTRY>
     <LENGTH>60</LENGTH>
    </item>
    <item>
     <ID>I</ID>
     <KEY>906</KEY>
     <ENTRY>Il materiale non è agganciato a questo numero di modifica</ENTRY>
     <LENGTH>112</LENGTH>
    </item>
    <item>
     <ID>R</ID>
     <ENTRY>ECTR - BOM display (explosion-parental view)</ENTRY>
     <LENGTH>44</LENGTH>
    </item>
    <item>
     <ID>S</ID>
     <KEY>PA_AENNR</KEY>
     <ENTRY>.</ENTRY>
     <LENGTH>9</LENGTH>
     <SPLIT>D</SPLIT>
    </item>
    <item>
     <ID>S</ID>
     <KEY>PA_MATNR</KEY>
     <ENTRY>.</ENTRY>
     <LENGTH>9</LENGTH>
     <SPLIT>D</SPLIT>
    </item>
    <item>
     <ID>S</ID>
     <KEY>PA_STLAL</KEY>
     <ENTRY>.</ENTRY>
     <LENGTH>9</LENGTH>
     <SPLIT>D</SPLIT>
    </item>
    <item>
     <ID>S</ID>
     <KEY>PA_STLAN</KEY>
     <ENTRY>.</ENTRY>
     <LENGTH>9</LENGTH>
     <SPLIT>D</SPLIT>
    </item>
    <item>
     <ID>S</ID>
     <KEY>PA_WERKS</KEY>
     <ENTRY>.</ENTRY>
     <LENGTH>9</LENGTH>
     <SPLIT>D</SPLIT>
    </item>
   </TPOOL>
   <I18N_TPOOL>
    <item>
     <LANGUAGE>E</LANGUAGE>
     <TEXTPOOL>
      <item>
       <ID>I</ID>
       <KEY>805</KEY>
       <ENTRY>BOM cannot be read</ENTRY>
       <LENGTH>54</LENGTH>
      </item>
      <item>
       <ID>I</ID>
       <KEY>905</KEY>
       <ENTRY>Change Number not found</ENTRY>
       <LENGTH>60</LENGTH>
      </item>
      <item>
       <ID>I</ID>
       <KEY>906</KEY>
       <ENTRY>Change Number not linked with this material</ENTRY>
       <LENGTH>112</LENGTH>
      </item>
      <item>
       <ID>R</ID>
       <ENTRY>ECTR - BOM display (explosion-parental view)</ENTRY>
       <LENGTH>70</LENGTH>
      </item>
      <item>
       <ID>S</ID>
       <KEY>PA_AENNR</KEY>
       <ENTRY>.</ENTRY>
       <LENGTH>9</LENGTH>
       <SPLIT>D</SPLIT>
      </item>
      <item>
       <ID>S</ID>
       <KEY>PA_MATNR</KEY>
       <ENTRY>.</ENTRY>
       <LENGTH>9</LENGTH>
       <SPLIT>D</SPLIT>
      </item>
      <item>
       <ID>S</ID>
       <KEY>PA_STLAL</KEY>
       <ENTRY>.</ENTRY>
       <LENGTH>9</LENGTH>
       <SPLIT>D</SPLIT>
      </item>
      <item>
       <ID>S</ID>
       <KEY>PA_STLAN</KEY>
       <ENTRY>.</ENTRY>
       <LENGTH>9</LENGTH>
       <SPLIT>D</SPLIT>
      </item>
      <item>
       <ID>S</ID>
       <KEY>PA_WERKS</KEY>
       <ENTRY>.</ENTRY>
       <LENGTH>9</LENGTH>
       <SPLIT>D</SPLIT>
      </item>
     </TEXTPOOL>
    </item>
   </I18N_TPOOL>
  </asx:values>
 </asx:abap>
</abapGit>
