﻿<?xml version="1.0" encoding="utf-8"?>
<abapGit version="v1.0.0" serializer="LCL_OBJECT_ENHO" serializer_version="v1.0.0">
 <asx:abap xmlns:asx="http://www.sap.com/abapxml" version="1.0">
  <asx:values>
   <TOOL>HOOK_IMPL</TOOL>
   <SHORTTEXT>Update con status 35 ECM</SHORTTEXT>
   <ORIGINAL_OBJECT>
    <PGMID>R3TR</PGMID>
    <ORG_OBJ_TYPE>FUGR</ORG_OBJ_TYPE>
    <ORG_OBJ_NAME>CCAP</ORG_OBJ_NAME>
    <ORG_MAIN_TYPE>FUGR</ORG_MAIN_TYPE>
    <ORG_MAIN_NAME>CCAP</ORG_MAIN_NAME>
    <PROGRAMNAME>SAPLCCAP</PROGRAMNAME>
   </ORIGINAL_OBJECT>
   <ENHANCEMENTS>
    <ENH_HOOK_IMPL>
     <PROGRAMNAME>SAPLCCAP</PROGRAMNAME>
     <EXTID>1</EXTID>
     <ID>1</ID>
     <ENHMODE>S</ENHMODE>
     <FULL_NAME>\PR:SAPLCCAP\FO:AENRB_CHANGE\SE:END\EI</FULL_NAME>
     <SOURCE>
      <item/>
      <item/>
      <item>IF aenrb-aenst = &apos;35&apos;.</item>
      <item/>
      <item>aenrb-aenst = &apos;40&apos;.</item>
      <item>aenrb-datuv = sy-datum.</item>
      <item/>
      <item>ENDIF.</item>
      <item>*</item>
     </SOURCE>
    </ENH_HOOK_IMPL>
   </ENHANCEMENTS>
   <SPACES>
    <item>
     <FULL_NAME>\PR:SAPLCCAP\FO:AENRB_CHANGE\SE:END\EI</FULL_NAME>
     <SPACES>
      <item>0</item>
      <item>0</item>
      <item>0</item>
      <item>0</item>
      <item>2</item>
      <item>2</item>
      <item>0</item>
      <item>0</item>
      <item>0</item>
     </SPACES>
    </item>
   </SPACES>
  </asx:values>
 </asx:abap>
</abapGit>
