﻿<?xml version="1.0" encoding="utf-8"?>
<abapGit version="v1.0.0" serializer="LCL_OBJECT_SXCI" serializer_version="v1.0.0">
 <asx:abap xmlns:asx="http://www.sap.com/abapxml" version="1.0">
  <asx:values>
   <SXCI>
    <IMPLEMENTATION_DATA>
     <IMP_NAME>Z_ECM_UPDATE</IMP_NAME>
     <TEXT>Controli in salvataggio su stato &apos;rilasciato&apos;</TEXT>
     <IMP_CLASS>ZCL_IM_ECM_UPDATE</IMP_CLASS>
     <EXIT_NAME>ECM_UPDATE</EXIT_NAME>
     <INTER_NAME>IF_EX_ECM_UPDATE</INTER_NAME>
    </IMPLEMENTATION_DATA>
   </SXCI>
  </asx:values>
 </asx:abap>
</abapGit>
