﻿<?xml version="1.0" encoding="utf-8"?>
<abapGit version="v1.0.0" serializer="LCL_OBJECT_CLAS" serializer_version="v1.0.0">
 <asx:abap xmlns:asx="http://www.sap.com/abapxml" version="1.0">
  <asx:values>
   <VSEOCLASS>
    <CLSNAME>ZCL_PP_ECTR_NORM_02</CLSNAME>
    <VERSION>1</VERSION>
    <LANGU>I</LANGU>
    <DESCRIPT>ECTR - Normalizzatore</DESCRIPT>
    <EXPOSURE>2</EXPOSURE>
    <STATE>1</STATE>
    <CLSCCINCL>X</CLSCCINCL>
    <FIXPT>X</FIXPT>
    <UNICODE>X</UNICODE>
   </VSEOCLASS>
   <TPOOL>
    <item>
     <ID>I</ID>
     <KEY>001</KEY>
     <ENTRY>BOM</ENTRY>
     <LENGTH>54</LENGTH>
    </item>
    <item>
     <ID>I</ID>
     <KEY>002</KEY>
     <ENTRY>TREE</ENTRY>
     <LENGTH>70</LENGTH>
    </item>
    <item>
     <ID>I</ID>
     <KEY>003</KEY>
     <ENTRY>Nessun dato estratto</ENTRY>
     <LENGTH>40</LENGTH>
    </item>
   </TPOOL>
   <DESCRIPTIONS>
    <SEOCOMPOTX>
     <CLSNAME>ZCL_PP_ECTR_NORM_02</CLSNAME>
     <CMPNAME>AUTORITY_CHECK</CMPNAME>
     <LANGU>I</LANGU>
     <DESCRIPT>Non usato</DESCRIPT>
    </SEOCOMPOTX>
    <SEOCOMPOTX>
     <CLSNAME>ZCL_PP_ECTR_NORM_02</CLSNAME>
     <CMPNAME>CONSTRUCTOR</CMPNAME>
     <LANGU>I</LANGU>
     <DESCRIPT>Costruttore</DESCRIPT>
    </SEOCOMPOTX>
    <SEOCOMPOTX>
     <CLSNAME>ZCL_PP_ECTR_NORM_02</CLSNAME>
     <CMPNAME>CREATE_PDM_NOR_BOM</CMPNAME>
     <LANGU>I</LANGU>
     <DESCRIPT>Crea inserimenti tabella ZPP_PDM_NOR_BOM</DESCRIPT>
    </SEOCOMPOTX>
    <SEOCOMPOTX>
     <CLSNAME>ZCL_PP_ECTR_NORM_02</CLSNAME>
     <CMPNAME>CREATE_SELECTIONS</CMPNAME>
     <LANGU>I</LANGU>
     <DESCRIPT>Crea selezioni</DESCRIPT>
    </SEOCOMPOTX>
    <SEOCOMPOTX>
     <CLSNAME>ZCL_PP_ECTR_NORM_02</CLSNAME>
     <CMPNAME>CREATE_TREE_OLD</CMPNAME>
     <LANGU>I</LANGU>
     <DESCRIPT>Crea inserimenti albero</DESCRIPT>
    </SEOCOMPOTX>
    <SEOCOMPOTX>
     <CLSNAME>ZCL_PP_ECTR_NORM_02</CLSNAME>
     <CMPNAME>DELETE_DUPLICATES</CMPNAME>
     <LANGU>I</LANGU>
     <DESCRIPT>Elimina duplicati dalla tabella GT_DATA</DESCRIPT>
    </SEOCOMPOTX>
    <SEOCOMPOTX>
     <CLSNAME>ZCL_PP_ECTR_NORM_02</CLSNAME>
     <CMPNAME>DELETE_USELESS_NODES</CMPNAME>
     <LANGU>I</LANGU>
     <DESCRIPT>Applica gli algoritimi: in laterale e in profondità</DESCRIPT>
    </SEOCOMPOTX>
    <SEOCOMPOTX>
     <CLSNAME>ZCL_PP_ECTR_NORM_02</CLSNAME>
     <CMPNAME>FIND_ROOTNAME</CMPNAME>
     <LANGU>I</LANGU>
     <DESCRIPT>Creca il rootname e info aggiuntive</DESCRIPT>
    </SEOCOMPOTX>
    <SEOCOMPOTX>
     <CLSNAME>ZCL_PP_ECTR_NORM_02</CLSNAME>
     <CMPNAME>FIND_ROOTNAME_2</CMPNAME>
     <LANGU>I</LANGU>
     <DESCRIPT>Creca il rootname e info aggiuntive</DESCRIPT>
    </SEOCOMPOTX>
    <SEOCOMPOTX>
     <CLSNAME>ZCL_PP_ECTR_NORM_02</CLSNAME>
     <CMPNAME>FIND_ROOTNAME_ELE</CMPNAME>
     <LANGU>I</LANGU>
     <DESCRIPT>Creca il rootname e info aggiuntive - elettrico</DESCRIPT>
    </SEOCOMPOTX>
    <SEOCOMPOTX>
     <CLSNAME>ZCL_PP_ECTR_NORM_02</CLSNAME>
     <CMPNAME>FIND_ROOTNAME_MEC</CMPNAME>
     <LANGU>I</LANGU>
     <DESCRIPT>Creca il rootname e info aggiuntive - meccanico</DESCRIPT>
    </SEOCOMPOTX>
    <SEOCOMPOTX>
     <CLSNAME>ZCL_PP_ECTR_NORM_02</CLSNAME>
     <CMPNAME>FIND_ROOTNAME_SCH</CMPNAME>
     <LANGU>I</LANGU>
     <DESCRIPT>Creca il rootname e info aggiuntive - scheletro</DESCRIPT>
    </SEOCOMPOTX>
    <SEOCOMPOTX>
     <CLSNAME>ZCL_PP_ECTR_NORM_02</CLSNAME>
     <CMPNAME>GET_ACTIVE_COMPONENTS</CMPNAME>
     <LANGU>I</LANGU>
     <DESCRIPT>Estrazione componenti attivi per i rootname trovati</DESCRIPT>
    </SEOCOMPOTX>
    <SEOCOMPOTX>
     <CLSNAME>ZCL_PP_ECTR_NORM_02</CLSNAME>
     <CMPNAME>GET_SEL</CMPNAME>
     <LANGU>I</LANGU>
     <DESCRIPT>Ritorna i parametri di selezione</DESCRIPT>
    </SEOCOMPOTX>
    <SEOCOMPOTX>
     <CLSNAME>ZCL_PP_ECTR_NORM_02</CLSNAME>
     <CMPNAME>GET_WBS_DISPO</CMPNAME>
     <LANGU>I</LANGU>
     <DESCRIPT>Aggiunge valori</DESCRIPT>
    </SEOCOMPOTX>
    <SEOCOMPOTX>
     <CLSNAME>ZCL_PP_ECTR_NORM_02</CLSNAME>
     <CMPNAME>GV_FASE</CMPNAME>
     <LANGU>I</LANGU>
     <DESCRIPT>Fase corrente</DESCRIPT>
    </SEOCOMPOTX>
    <SEOCOMPOTX>
     <CLSNAME>ZCL_PP_ECTR_NORM_02</CLSNAME>
     <CMPNAME>INITIALIZATION</CMPNAME>
     <LANGU>I</LANGU>
     <DESCRIPT>Inizializzazione</DESCRIPT>
    </SEOCOMPOTX>
    <SEOCOMPOTX>
     <CLSNAME>ZCL_PP_ECTR_NORM_02</CLSNAME>
     <CMPNAME>RUN</CMPNAME>
     <LANGU>I</LANGU>
     <DESCRIPT>Esegue il programma</DESCRIPT>
    </SEOCOMPOTX>
    <SEOCOMPOTX>
     <CLSNAME>ZCL_PP_ECTR_NORM_02</CLSNAME>
     <CMPNAME>SET_TABLES_FASE_1</CMPNAME>
     <LANGU>I</LANGU>
     <DESCRIPT>Crea dati tabella per update</DESCRIPT>
    </SEOCOMPOTX>
    <SEOCOMPOTX>
     <CLSNAME>ZCL_PP_ECTR_NORM_02</CLSNAME>
     <CMPNAME>SET_TABLES_FASE_2</CMPNAME>
     <LANGU>I</LANGU>
     <DESCRIPT>Crea dati tabella per update</DESCRIPT>
    </SEOCOMPOTX>
    <SEOCOMPOTX>
     <CLSNAME>ZCL_PP_ECTR_NORM_02</CLSNAME>
     <CMPNAME>TY_S_PDM_MON_ANAG</CMPNAME>
     <LANGU>I</LANGU>
     <DESCRIPT>Cruscotto produzione: anagrafica</DESCRIPT>
    </SEOCOMPOTX>
    <SEOCOMPOTX>
     <CLSNAME>ZCL_PP_ECTR_NORM_02</CLSNAME>
     <CMPNAME>TY_S_PDM_MON_BOM</CMPNAME>
     <LANGU>I</LANGU>
     <DESCRIPT>Cruscotto produzione: distinte base</DESCRIPT>
    </SEOCOMPOTX>
    <SEOCOMPOTX>
     <CLSNAME>ZCL_PP_ECTR_NORM_02</CLSNAME>
     <CMPNAME>TY_S_PDM_NOR_BOM</CMPNAME>
     <LANGU>I</LANGU>
     <DESCRIPT>Normalizza.: BOM trasferite al Cruscotto Prod. (ultima foto)</DESCRIPT>
    </SEOCOMPOTX>
    <SEOCOMPOTX>
     <CLSNAME>ZCL_PP_ECTR_NORM_02</CLSNAME>
     <CMPNAME>UPDATE_TABLES_FASE_1</CMPNAME>
     <LANGU>I</LANGU>
     <DESCRIPT>Update delle tabelle</DESCRIPT>
    </SEOCOMPOTX>
    <SEOCOMPOTX>
     <CLSNAME>ZCL_PP_ECTR_NORM_02</CLSNAME>
     <CMPNAME>UPDATE_TABLES_FASE_2</CMPNAME>
     <LANGU>I</LANGU>
     <DESCRIPT>Update delle tabelle</DESCRIPT>
    </SEOCOMPOTX>
   </DESCRIPTIONS>
  </asx:values>
 </asx:abap>
</abapGit>
