﻿<?xml version="1.0" encoding="utf-8"?>
<abapGit version="v1.0.0" serializer="LCL_OBJECT_CLAS" serializer_version="v1.0.0">
 <asx:abap xmlns:asx="http://www.sap.com/abapxml" version="1.0">
  <asx:values>
   <VSEOCLASS>
    <CLSNAME>ZCL_PP_ECTR_BOD_VS_BOM</CLSNAME>
    <VERSION>1</VERSION>
    <LANGU>I</LANGU>
    <DESCRIPT>ECTR - Normalizzatore</DESCRIPT>
    <EXPOSURE>2</EXPOSURE>
    <STATE>1</STATE>
    <CLSCCINCL>X</CLSCCINCL>
    <FIXPT>X</FIXPT>
    <UNICODE>X</UNICODE>
   </VSEOCLASS>
   <TPOOL>
    <item>
     <ID>I</ID>
     <KEY>001</KEY>
     <ENTRY>BOD vs BOM</ENTRY>
     <LENGTH>54</LENGTH>
    </item>
    <item>
     <ID>I</ID>
     <KEY>003</KEY>
     <ENTRY>Nessun dato estratto</ENTRY>
     <LENGTH>40</LENGTH>
    </item>
   </TPOOL>
   <DESCRIPTIONS>
    <SEOCOMPOTX>
     <CLSNAME>ZCL_PP_ECTR_BOD_VS_BOM</CLSNAME>
     <CMPNAME>AUTORITY_CHECK</CMPNAME>
     <LANGU>I</LANGU>
     <DESCRIPT>Non usato</DESCRIPT>
    </SEOCOMPOTX>
    <SEOCOMPOTX>
     <CLSNAME>ZCL_PP_ECTR_BOD_VS_BOM</CLSNAME>
     <CMPNAME>BOD_VS_BOM</CMPNAME>
     <LANGU>I</LANGU>
     <DESCRIPT>Verifica BOM e albero</DESCRIPT>
    </SEOCOMPOTX>
    <SEOCOMPOTX>
     <CLSNAME>ZCL_PP_ECTR_BOD_VS_BOM</CLSNAME>
     <CMPNAME>CONSTRUCTOR</CMPNAME>
     <LANGU>I</LANGU>
     <DESCRIPT>Costruttore</DESCRIPT>
    </SEOCOMPOTX>
    <SEOCOMPOTX>
     <CLSNAME>ZCL_PP_ECTR_BOD_VS_BOM</CLSNAME>
     <CMPNAME>CREATE_SELECTIONS</CMPNAME>
     <LANGU>I</LANGU>
     <DESCRIPT>Crea selezioni</DESCRIPT>
    </SEOCOMPOTX>
    <SEOCOMPOTX>
     <CLSNAME>ZCL_PP_ECTR_BOD_VS_BOM</CLSNAME>
     <CMPNAME>GET_SEL</CMPNAME>
     <LANGU>I</LANGU>
     <DESCRIPT>Ritorna i parametri di selezione</DESCRIPT>
    </SEOCOMPOTX>
    <SEOCOMPOTX>
     <CLSNAME>ZCL_PP_ECTR_BOD_VS_BOM</CLSNAME>
     <CMPNAME>GT_BOD</CMPNAME>
     <LANGU>I</LANGU>
     <DESCRIPT>Tipo di tabella per stpo_api02</DESCRIPT>
    </SEOCOMPOTX>
    <SEOCOMPOTX>
     <CLSNAME>ZCL_PP_ECTR_BOD_VS_BOM</CLSNAME>
     <CMPNAME>GT_BOM</CMPNAME>
     <LANGU>I</LANGU>
     <DESCRIPT>Tipo tabella per struttura ZSPPP_STPOX</DESCRIPT>
    </SEOCOMPOTX>
    <SEOCOMPOTX>
     <CLSNAME>ZCL_PP_ECTR_BOD_VS_BOM</CLSNAME>
     <CMPNAME>INITIALIZATION</CMPNAME>
     <LANGU>I</LANGU>
     <DESCRIPT>Inizializzazione</DESCRIPT>
    </SEOCOMPOTX>
    <SEOCOMPOTX>
     <CLSNAME>ZCL_PP_ECTR_BOD_VS_BOM</CLSNAME>
     <CMPNAME>RUN</CMPNAME>
     <LANGU>I</LANGU>
     <DESCRIPT>Esegue il programma</DESCRIPT>
    </SEOCOMPOTX>
    <SEOCOMPOTX>
     <CLSNAME>ZCL_PP_ECTR_BOD_VS_BOM</CLSNAME>
     <CMPNAME>TY_S_BOD</CMPNAME>
     <LANGU>I</LANGU>
     <DESCRIPT>Struttura API posizione dist. base: tutti i campi</DESCRIPT>
    </SEOCOMPOTX>
    <SEOCOMPOTX>
     <CLSNAME>ZCL_PP_ECTR_BOD_VS_BOM</CLSNAME>
     <CMPNAME>TY_S_BOM</CMPNAME>
     <LANGU>I</LANGU>
     <DESCRIPT>Struttura stpox ampliata</DESCRIPT>
    </SEOCOMPOTX>
    <SEOCOMPOTX>
     <CLSNAME>ZCL_PP_ECTR_BOD_VS_BOM</CLSNAME>
     <CMPNAME>TY_T_BOD</CMPNAME>
     <LANGU>I</LANGU>
     <DESCRIPT>Tipo di tabella per stpo_api02</DESCRIPT>
    </SEOCOMPOTX>
    <SEOCOMPOTX>
     <CLSNAME>ZCL_PP_ECTR_BOD_VS_BOM</CLSNAME>
     <CMPNAME>TY_T_BOM</CMPNAME>
     <LANGU>I</LANGU>
     <DESCRIPT>Tipo tabella per struttura ZSPPP_STPOX</DESCRIPT>
    </SEOCOMPOTX>
   </DESCRIPTIONS>
  </asx:values>
 </asx:abap>
</abapGit>
