﻿<?xml version="1.0" encoding="utf-8"?>
<abapGit version="v1.0.0" serializer="LCL_OBJECT_CLAS" serializer_version="v1.0.0">
 <asx:abap xmlns:asx="http://www.sap.com/abapxml" version="1.0">
  <asx:values>
   <VSEOCLASS>
    <CLSNAME>ZCL_PP_ECTR_RECOVERY</CLSNAME>
    <VERSION>1</VERSION>
    <LANGU>I</LANGU>
    <DESCRIPT>ECTR - Normalizzatore</DESCRIPT>
    <EXPOSURE>2</EXPOSURE>
    <STATE>1</STATE>
    <CLSCCINCL>X</CLSCCINCL>
    <FIXPT>X</FIXPT>
    <UNICODE>X</UNICODE>
   </VSEOCLASS>
   <TPOOL>
    <item>
     <ID>I</ID>
     <KEY>001</KEY>
     <ENTRY>BOM</ENTRY>
     <LENGTH>54</LENGTH>
    </item>
    <item>
     <ID>I</ID>
     <KEY>002</KEY>
     <ENTRY>TREE</ENTRY>
     <LENGTH>70</LENGTH>
    </item>
    <item>
     <ID>I</ID>
     <KEY>003</KEY>
     <ENTRY>Nessun dato estratto</ENTRY>
     <LENGTH>40</LENGTH>
    </item>
    <item>
     <ID>I</ID>
     <KEY>004</KEY>
     <ENTRY>Nornamizzatore: Elaborare</ENTRY>
     <LENGTH>50</LENGTH>
    </item>
    <item>
     <ID>I</ID>
     <KEY>S01</KEY>
     <ENTRY>Nornalizzatore: Elaborare</ENTRY>
     <LENGTH>50</LENGTH>
    </item>
   </TPOOL>
   <DESCRIPTIONS>
    <SEOCOMPOTX>
     <CLSNAME>ZCL_PP_ECTR_RECOVERY</CLSNAME>
     <CMPNAME>ALLINEA</CMPNAME>
     <LANGU>I</LANGU>
     <DESCRIPT>Esegue azione</DESCRIPT>
    </SEOCOMPOTX>
    <SEOCOMPOTX>
     <CLSNAME>ZCL_PP_ECTR_RECOVERY</CLSNAME>
     <CMPNAME>AUTORITY_CHECK</CMPNAME>
     <LANGU>I</LANGU>
     <DESCRIPT>Non usato</DESCRIPT>
    </SEOCOMPOTX>
    <SEOCOMPOTX>
     <CLSNAME>ZCL_PP_ECTR_RECOVERY</CLSNAME>
     <CMPNAME>BOM_CHECK</CMPNAME>
     <LANGU>I</LANGU>
     <DESCRIPT>Verifica BOM e albero</DESCRIPT>
    </SEOCOMPOTX>
    <SEOCOMPOTX>
     <CLSNAME>ZCL_PP_ECTR_RECOVERY</CLSNAME>
     <CMPNAME>CONSTRUCTOR</CMPNAME>
     <LANGU>I</LANGU>
     <DESCRIPT>Costruttore</DESCRIPT>
    </SEOCOMPOTX>
    <SEOCOMPOTX>
     <CLSNAME>ZCL_PP_ECTR_RECOVERY</CLSNAME>
     <CMPNAME>CREATE_SELECTIONS</CMPNAME>
     <LANGU>I</LANGU>
     <DESCRIPT>Crea selezioni</DESCRIPT>
    </SEOCOMPOTX>
    <SEOCOMPOTX>
     <CLSNAME>ZCL_PP_ECTR_RECOVERY</CLSNAME>
     <CMPNAME>GET_SEL</CMPNAME>
     <LANGU>I</LANGU>
     <DESCRIPT>Ritorna i parametri di selezione</DESCRIPT>
    </SEOCOMPOTX>
    <SEOCOMPOTX>
     <CLSNAME>ZCL_PP_ECTR_RECOVERY</CLSNAME>
     <CMPNAME>HISTORICIZE_MODBOM</CMPNAME>
     <LANGU>I</LANGU>
     <DESCRIPT>Storicizza ZPP_MODBOM su legame padre-figlio</DESCRIPT>
    </SEOCOMPOTX>
    <SEOCOMPOTX>
     <CLSNAME>ZCL_PP_ECTR_RECOVERY</CLSNAME>
     <CMPNAME>HISTORICIZE_NOR_BOM</CMPNAME>
     <LANGU>I</LANGU>
     <DESCRIPT>Storicizza ZPP_PDM_NOR_BOMsu legame padre-figlio</DESCRIPT>
    </SEOCOMPOTX>
    <SEOCOMPOTX>
     <CLSNAME>ZCL_PP_ECTR_RECOVERY</CLSNAME>
     <CMPNAME>INITIALIZATION</CMPNAME>
     <LANGU>I</LANGU>
     <DESCRIPT>Inizializzazione</DESCRIPT>
    </SEOCOMPOTX>
    <SEOCOMPOTX>
     <CLSNAME>ZCL_PP_ECTR_RECOVERY</CLSNAME>
     <CMPNAME>INSERT_MODBOM</CMPNAME>
     <LANGU>I</LANGU>
     <DESCRIPT>Insert ZPP_MODBOM su legame padre-figlio</DESCRIPT>
    </SEOCOMPOTX>
    <SEOCOMPOTX>
     <CLSNAME>ZCL_PP_ECTR_RECOVERY</CLSNAME>
     <CMPNAME>INSERT_MON_BOM</CMPNAME>
     <LANGU>I</LANGU>
     <DESCRIPT>Insert ZPP_PDM_MON_BOMsu legame padre-figlio</DESCRIPT>
    </SEOCOMPOTX>
    <SEOCOMPOTX>
     <CLSNAME>ZCL_PP_ECTR_RECOVERY</CLSNAME>
     <CMPNAME>INSERT_NOR_BOM</CMPNAME>
     <LANGU>I</LANGU>
     <DESCRIPT>Insert ZPP_PDM_NOR_BOMsu legame padre-figlio</DESCRIPT>
    </SEOCOMPOTX>
    <SEOCOMPOTX>
     <CLSNAME>ZCL_PP_ECTR_RECOVERY</CLSNAME>
     <CMPNAME>RUN</CMPNAME>
     <LANGU>I</LANGU>
     <DESCRIPT>Esegue il programma</DESCRIPT>
    </SEOCOMPOTX>
    <SEOCOMPOTX>
     <CLSNAME>ZCL_PP_ECTR_RECOVERY</CLSNAME>
     <CMPNAME>SET_MODBOM_RECORD</CMPNAME>
     <LANGU>I</LANGU>
     <DESCRIPT>Crea record ZPP_MODBOM</DESCRIPT>
    </SEOCOMPOTX>
    <SEOCOMPOTX>
     <CLSNAME>ZCL_PP_ECTR_RECOVERY</CLSNAME>
     <CMPNAME>SET_MON_BOM_RECORD</CMPNAME>
     <LANGU>I</LANGU>
     <DESCRIPT>Crea record ZPP_PDM_MON_BOM</DESCRIPT>
    </SEOCOMPOTX>
    <SEOCOMPOTX>
     <CLSNAME>ZCL_PP_ECTR_RECOVERY</CLSNAME>
     <CMPNAME>SET_NOR_BOM_RECORD</CMPNAME>
     <LANGU>I</LANGU>
     <DESCRIPT>Crea record ZPP_PDM_NOR_BOM</DESCRIPT>
    </SEOCOMPOTX>
    <SEOCOMPOTX>
     <CLSNAME>ZCL_PP_ECTR_RECOVERY</CLSNAME>
     <CMPNAME>TY_S_PDM_NOR_BOM</CMPNAME>
     <LANGU>I</LANGU>
     <DESCRIPT>Normalizza.: BOM trasferite al Cruscotto Prod. (ultima foto)</DESCRIPT>
    </SEOCOMPOTX>
    <SEOCOMPOTX>
     <CLSNAME>ZCL_PP_ECTR_RECOVERY</CLSNAME>
     <CMPNAME>TY_S_ROOTNAME</CMPNAME>
     <LANGU>I</LANGU>
     <DESCRIPT>Rootname</DESCRIPT>
    </SEOCOMPOTX>
    <SEOCOMPOTX>
     <CLSNAME>ZCL_PP_ECTR_RECOVERY</CLSNAME>
     <CMPNAME>UPDATE_TABLES</CMPNAME>
     <LANGU>I</LANGU>
     <DESCRIPT>Aggiorna tabelle nel caso di differenza tra bome e albero</DESCRIPT>
    </SEOCOMPOTX>
    <SEOCOMPOTX>
     <CLSNAME>ZCL_PP_ECTR_RECOVERY</CLSNAME>
     <CMPNAME>UPDATE_TREE_QTY</CMPNAME>
     <LANGU>I</LANGU>
     <DESCRIPT>Aggiorna quantità albero</DESCRIPT>
    </SEOCOMPOTX>
   </DESCRIPTIONS>
  </asx:values>
 </asx:abap>
</abapGit>
