﻿<?xml version="1.0" encoding="utf-8"?>
<abapGit version="v1.0.0" serializer="LCL_OBJECT_CLAS" serializer_version="v1.0.0">
 <asx:abap xmlns:asx="http://www.sap.com/abapxml" version="1.0">
  <asx:values>
   <VSEOCLASS>
    <CLSNAME>ZCL_PP_ECTR_TO_SAP</CLSNAME>
    <VERSION>1</VERSION>
    <LANGU>I</LANGU>
    <DESCRIPT>ECTR - creazione BOM di tipo 2</DESCRIPT>
    <EXPOSURE>2</EXPOSURE>
    <STATE>1</STATE>
    <CLSCCINCL>X</CLSCCINCL>
    <FIXPT>X</FIXPT>
    <UNICODE>X</UNICODE>
   </VSEOCLASS>
   <TPOOL>
    <item>
     <ID>I</ID>
     <KEY>001</KEY>
     <ENTRY>BOM</ENTRY>
     <LENGTH>54</LENGTH>
    </item>
    <item>
     <ID>I</ID>
     <KEY>002</KEY>
     <ENTRY>Errore nella BOM</ENTRY>
     <LENGTH>70</LENGTH>
    </item>
    <item>
     <ID>I</ID>
     <KEY>003</KEY>
     <ENTRY>Nessun dato estratto</ENTRY>
     <LENGTH>40</LENGTH>
    </item>
   </TPOOL>
   <DESCRIPTIONS>
    <SEOCOMPOTX>
     <CLSNAME>ZCL_PP_ECTR_TO_SAP</CLSNAME>
     <CMPNAME>AUTORITY_CHECK</CMPNAME>
     <LANGU>I</LANGU>
     <DESCRIPT>Non usato</DESCRIPT>
    </SEOCOMPOTX>
    <SEOCOMPOTX>
     <CLSNAME>ZCL_PP_ECTR_TO_SAP</CLSNAME>
     <CMPNAME>CONSTRUCTOR</CMPNAME>
     <LANGU>I</LANGU>
     <DESCRIPT>Costruttore</DESCRIPT>
    </SEOCOMPOTX>
    <SEOCOMPOTX>
     <CLSNAME>ZCL_PP_ECTR_TO_SAP</CLSNAME>
     <CMPNAME>CREATE_FILE_BOM</CMPNAME>
     <LANGU>I</LANGU>
     <DESCRIPT>Crea il file per la creazione delle BOM</DESCRIPT>
    </SEOCOMPOTX>
    <SEOCOMPOTX>
     <CLSNAME>ZCL_PP_ECTR_TO_SAP</CLSNAME>
     <CMPNAME>CREATE_SELECTIONS</CMPNAME>
     <LANGU>I</LANGU>
     <DESCRIPT>Crea selezioni</DESCRIPT>
    </SEOCOMPOTX>
    <SEOCOMPOTX>
     <CLSNAME>ZCL_PP_ECTR_TO_SAP</CLSNAME>
     <CMPNAME>DELETE_DUPLICATES</CMPNAME>
     <LANGU>I</LANGU>
     <DESCRIPT>Cancella i materiali duplicati</DESCRIPT>
    </SEOCOMPOTX>
    <SEOCOMPOTX>
     <CLSNAME>ZCL_PP_ECTR_TO_SAP</CLSNAME>
     <CMPNAME>GET_SEL</CMPNAME>
     <LANGU>I</LANGU>
     <DESCRIPT>Ritorna i parametri di selezione</DESCRIPT>
    </SEOCOMPOTX>
    <SEOCOMPOTX>
     <CLSNAME>ZCL_PP_ECTR_TO_SAP</CLSNAME>
     <CMPNAME>INITIALIZATION</CMPNAME>
     <LANGU>I</LANGU>
     <DESCRIPT>Inizializzazione</DESCRIPT>
    </SEOCOMPOTX>
    <SEOCOMPOTX>
     <CLSNAME>ZCL_PP_ECTR_TO_SAP</CLSNAME>
     <CMPNAME>RUN</CMPNAME>
     <LANGU>I</LANGU>
     <DESCRIPT>Esegue il programma</DESCRIPT>
    </SEOCOMPOTX>
    <SEOCOMPOTX>
     <CLSNAME>ZCL_PP_ECTR_TO_SAP</CLSNAME>
     <CMPNAME>SET_FILE_BOM</CMPNAME>
     <LANGU>I</LANGU>
     <DESCRIPT>Crea dati tabella per i record del file</DESCRIPT>
    </SEOCOMPOTX>
    <SEOCOMPOTX>
     <CLSNAME>ZCL_PP_ECTR_TO_SAP</CLSNAME>
     <CMPNAME>SET_TABLES</CMPNAME>
     <LANGU>I</LANGU>
     <DESCRIPT>Crea dati tabella per update</DESCRIPT>
    </SEOCOMPOTX>
    <SEOCOMPOTX>
     <CLSNAME>ZCL_PP_ECTR_TO_SAP</CLSNAME>
     <CMPNAME>TY_S_ECTR_CN</CMPNAME>
     <LANGU>I</LANGU>
     <DESCRIPT>ECTR - Change numbers elaborati</DESCRIPT>
    </SEOCOMPOTX>
    <SEOCOMPOTX>
     <CLSNAME>ZCL_PP_ECTR_TO_SAP</CLSNAME>
     <CMPNAME>TY_S_ECTR_SCH</CMPNAME>
     <LANGU>I</LANGU>
     <DESCRIPT>ECTR - BOM scheletro elaborate</DESCRIPT>
    </SEOCOMPOTX>
    <SEOCOMPOTX>
     <CLSNAME>ZCL_PP_ECTR_TO_SAP</CLSNAME>
     <CMPNAME>UPDATE_TABLES</CMPNAME>
     <LANGU>I</LANGU>
     <DESCRIPT>Update delle tabelle</DESCRIPT>
    </SEOCOMPOTX>
   </DESCRIPTIONS>
  </asx:values>
 </asx:abap>
</abapGit>
