﻿<?xml version="1.0" encoding="utf-8"?>
<abapGit version="v1.0.0" serializer="LCL_OBJECT_CLAS" serializer_version="v1.0.0">
 <asx:abap xmlns:asx="http://www.sap.com/abapxml" version="1.0">
  <asx:values>
   <VSEOCLASS>
    <CLSNAME>ZCL_PP_ECTR_DATA_LOAD</CLSNAME>
    <VERSION>1</VERSION>
    <LANGU>I</LANGU>
    <DESCRIPT>ECTR - Caricamento dati</DESCRIPT>
    <EXPOSURE>2</EXPOSURE>
    <STATE>1</STATE>
    <CLSCCINCL>X</CLSCCINCL>
    <FIXPT>X</FIXPT>
    <UNICODE>X</UNICODE>
   </VSEOCLASS>
   <TPOOL>
    <item>
     <ID>I</ID>
     <KEY>001</KEY>
     <ENTRY>BOM</ENTRY>
     <LENGTH>54</LENGTH>
    </item>
    <item>
     <ID>I</ID>
     <KEY>002</KEY>
     <ENTRY>TREE</ENTRY>
     <LENGTH>70</LENGTH>
    </item>
    <item>
     <ID>I</ID>
     <KEY>003</KEY>
     <ENTRY>Nessun dato estratto</ENTRY>
     <LENGTH>40</LENGTH>
    </item>
    <item>
     <ID>I</ID>
     <KEY>004</KEY>
     <ENTRY>Controllo caricamento</ENTRY>
     <LENGTH>42</LENGTH>
    </item>
    <item>
     <ID>I</ID>
     <KEY>E01</KEY>
     <ENTRY>Valorizzare numero di modifica</ENTRY>
     <LENGTH>60</LENGTH>
    </item>
    <item>
     <ID>I</ID>
     <KEY>E02</KEY>
     <ENTRY>Inserire almeno un rootname</ENTRY>
     <LENGTH>54</LENGTH>
    </item>
   </TPOOL>
   <DESCRIPTIONS>
    <SEOCOMPOTX>
     <CLSNAME>ZCL_PP_ECTR_DATA_LOAD</CLSNAME>
     <CMPNAME>AUTORITY_CHECK</CMPNAME>
     <LANGU>I</LANGU>
     <DESCRIPT>Non usato</DESCRIPT>
    </SEOCOMPOTX>
    <SEOCOMPOTX>
     <CLSNAME>ZCL_PP_ECTR_DATA_LOAD</CLSNAME>
     <CMPNAME>CONSTRUCTOR</CMPNAME>
     <LANGU>I</LANGU>
     <DESCRIPT>Costruttore</DESCRIPT>
    </SEOCOMPOTX>
    <SEOCOMPOTX>
     <CLSNAME>ZCL_PP_ECTR_DATA_LOAD</CLSNAME>
     <CMPNAME>CONTROLLO_CARICAMENTO</CMPNAME>
     <LANGU>I</LANGU>
     <DESCRIPT>Controllo caricamento</DESCRIPT>
    </SEOCOMPOTX>
    <SEOCOMPOTX>
     <CLSNAME>ZCL_PP_ECTR_DATA_LOAD</CLSNAME>
     <CMPNAME>CREATE_BOM</CMPNAME>
     <LANGU>I</LANGU>
     <DESCRIPT>Crea inserimenti tabella ZPP_PDM_NOR_BOM</DESCRIPT>
    </SEOCOMPOTX>
    <SEOCOMPOTX>
     <CLSNAME>ZCL_PP_ECTR_DATA_LOAD</CLSNAME>
     <CMPNAME>CREATE_SELECTIONS</CMPNAME>
     <LANGU>I</LANGU>
     <DESCRIPT>Crea selezioni</DESCRIPT>
    </SEOCOMPOTX>
    <SEOCOMPOTX>
     <CLSNAME>ZCL_PP_ECTR_DATA_LOAD</CLSNAME>
     <CMPNAME>C_RELENDDATE</CMPNAME>
     <LANGU>I</LANGU>
     <DESCRIPT>Data fine validità</DESCRIPT>
    </SEOCOMPOTX>
    <SEOCOMPOTX>
     <CLSNAME>ZCL_PP_ECTR_DATA_LOAD</CLSNAME>
     <CMPNAME>GET_SEL</CMPNAME>
     <LANGU>I</LANGU>
     <DESCRIPT>Ritorna i parametri di selezione</DESCRIPT>
    </SEOCOMPOTX>
    <SEOCOMPOTX>
     <CLSNAME>ZCL_PP_ECTR_DATA_LOAD</CLSNAME>
     <CMPNAME>GET_WBS_DISPO</CMPNAME>
     <LANGU>I</LANGU>
     <DESCRIPT>Aggiunge valori</DESCRIPT>
    </SEOCOMPOTX>
    <SEOCOMPOTX>
     <CLSNAME>ZCL_PP_ECTR_DATA_LOAD</CLSNAME>
     <CMPNAME>GV_FASE</CMPNAME>
     <LANGU>I</LANGU>
     <DESCRIPT>Fase corrente</DESCRIPT>
    </SEOCOMPOTX>
    <SEOCOMPOTX>
     <CLSNAME>ZCL_PP_ECTR_DATA_LOAD</CLSNAME>
     <CMPNAME>INITIALIZATION</CMPNAME>
     <LANGU>I</LANGU>
     <DESCRIPT>Inizializzazione</DESCRIPT>
    </SEOCOMPOTX>
    <SEOCOMPOTX>
     <CLSNAME>ZCL_PP_ECTR_DATA_LOAD</CLSNAME>
     <CMPNAME>RUN</CMPNAME>
     <LANGU>I</LANGU>
     <DESCRIPT>Esegue il programma</DESCRIPT>
    </SEOCOMPOTX>
    <SEOCOMPOTX>
     <CLSNAME>ZCL_PP_ECTR_DATA_LOAD</CLSNAME>
     <CMPNAME>SET_TABLES_FASE_1</CMPNAME>
     <LANGU>I</LANGU>
     <DESCRIPT>Crea dati tabella per update</DESCRIPT>
    </SEOCOMPOTX>
    <SEOCOMPOTX>
     <CLSNAME>ZCL_PP_ECTR_DATA_LOAD</CLSNAME>
     <CMPNAME>SET_TABLES_FASE_2</CMPNAME>
     <LANGU>I</LANGU>
     <DESCRIPT>Crea dati tabella per update</DESCRIPT>
    </SEOCOMPOTX>
    <SEOCOMPOTX>
     <CLSNAME>ZCL_PP_ECTR_DATA_LOAD</CLSNAME>
     <CMPNAME>TY_S_PDM_NOR_BOM</CMPNAME>
     <LANGU>I</LANGU>
     <DESCRIPT>Normalizza.: BOM trasferite al Cruscotto Prod. (ultima foto)</DESCRIPT>
    </SEOCOMPOTX>
    <SEOCOMPOTX>
     <CLSNAME>ZCL_PP_ECTR_DATA_LOAD</CLSNAME>
     <CMPNAME>UPDATE_TABLES_FASE_1</CMPNAME>
     <LANGU>I</LANGU>
     <DESCRIPT>Update delle tabelle</DESCRIPT>
    </SEOCOMPOTX>
    <SEOCOMPOTX>
     <CLSNAME>ZCL_PP_ECTR_DATA_LOAD</CLSNAME>
     <CMPNAME>UPDATE_TABLES_FASE_2</CMPNAME>
     <LANGU>I</LANGU>
     <DESCRIPT>Update delle tabelle</DESCRIPT>
    </SEOCOMPOTX>
   </DESCRIPTIONS>
  </asx:values>
 </asx:abap>
</abapGit>
