﻿<?xml version="1.0" encoding="utf-8"?>
<abapGit version="v1.0.0" serializer="LCL_OBJECT_CLAS" serializer_version="v1.0.0">
 <asx:abap xmlns:asx="http://www.sap.com/abapxml" version="1.0">
  <asx:values>
   <VSEOCLASS>
    <CLSNAME>ZCL_PP_ECTR</CLSNAME>
    <VERSION>1</VERSION>
    <LANGU>I</LANGU>
    <DESCRIPT>API ECTR</DESCRIPT>
    <EXPOSURE>2</EXPOSURE>
    <STATE>1</STATE>
    <CLSFINAL>X</CLSFINAL>
    <CLSCCINCL>X</CLSCCINCL>
    <FIXPT>X</FIXPT>
    <UNICODE>X</UNICODE>
   </VSEOCLASS>
   <TPOOL>
    <item>
     <ID>I</ID>
     <KEY>001</KEY>
     <ENTRY>Assente in CS12 e presente in ZPP_ALBERO</ENTRY>
     <LENGTH>80</LENGTH>
    </item>
    <item>
     <ID>I</ID>
     <KEY>002</KEY>
     <ENTRY>Presente in BOM con quantità diversa</ENTRY>
     <LENGTH>72</LENGTH>
    </item>
    <item>
     <ID>I</ID>
     <KEY>003</KEY>
     <ENTRY>Presente in CS12 e assente in ZPP_ALBERO</ENTRY>
     <LENGTH>80</LENGTH>
    </item>
   </TPOOL>
   <DESCRIPTIONS>
    <SEOCOMPOTX>
     <CLSNAME>ZCL_PP_ECTR</CLSNAME>
     <CMPNAME>BOM_TREE_MATCH</CMPNAME>
     <LANGU>I</LANGU>
     <DESCRIPT>Confronta BOM albero</DESCRIPT>
    </SEOCOMPOTX>
    <SEOCOMPOTX>
     <CLSNAME>ZCL_PP_ECTR</CLSNAME>
     <CMPNAME>CONTAINS</CMPNAME>
     <LANGU>I</LANGU>
     <DESCRIPT>Confronta due record</DESCRIPT>
    </SEOCOMPOTX>
    <SEOCOMPOTX>
     <CLSNAME>ZCL_PP_ECTR</CLSNAME>
     <CMPNAME>CREATE_BOM</CMPNAME>
     <LANGU>I</LANGU>
     <DESCRIPT>Crea bom</DESCRIPT>
    </SEOCOMPOTX>
    <SEOCOMPOTX>
     <CLSNAME>ZCL_PP_ECTR</CLSNAME>
     <CMPNAME>C_BOM_PROGETTAZIONE</CMPNAME>
     <LANGU>I</LANGU>
     <DESCRIPT>Impiego della distinta base</DESCRIPT>
    </SEOCOMPOTX>
    <SEOCOMPOTX>
     <CLSNAME>ZCL_PP_ECTR</CLSNAME>
     <CMPNAME>C_BOM_UNIVERSALE</CMPNAME>
     <LANGU>I</LANGU>
     <DESCRIPT>Impiego della distinta base</DESCRIPT>
    </SEOCOMPOTX>
    <SEOCOMPOTX>
     <CLSNAME>ZCL_PP_ECTR</CLSNAME>
     <CMPNAME>C_DISGR</CMPNAME>
     <LANGU>I</LANGU>
     <DESCRIPT>Gruppo di pianif.</DESCRIPT>
    </SEOCOMPOTX>
    <SEOCOMPOTX>
     <CLSNAME>ZCL_PP_ECTR</CLSNAME>
     <CMPNAME>C_ELETTRICO</CMPNAME>
     <LANGU>I</LANGU>
     <DESCRIPT>Radice change number CAD elettrico</DESCRIPT>
    </SEOCOMPOTX>
    <SEOCOMPOTX>
     <CLSNAME>ZCL_PP_ECTR</CLSNAME>
     <CMPNAME>C_ELETTRICO_DEL</CMPNAME>
     <LANGU>I</LANGU>
     <DESCRIPT>Radice change number CAD elettrico in canc.</DESCRIPT>
    </SEOCOMPOTX>
    <SEOCOMPOTX>
     <CLSNAME>ZCL_PP_ECTR</CLSNAME>
     <CMPNAME>C_INFINITE_DATE</CMPNAME>
     <LANGU>I</LANGU>
     <DESCRIPT>Data fine validità</DESCRIPT>
    </SEOCOMPOTX>
    <SEOCOMPOTX>
     <CLSNAME>ZCL_PP_ECTR</CLSNAME>
     <CMPNAME>C_SCHELETRO</CMPNAME>
     <LANGU>I</LANGU>
     <DESCRIPT>Contenitore/Livello di revisione</DESCRIPT>
    </SEOCOMPOTX>
    <SEOCOMPOTX>
     <CLSNAME>ZCL_PP_ECTR</CLSNAME>
     <CMPNAME>C_STLAL</CMPNAME>
     <LANGU>I</LANGU>
     <DESCRIPT>Distinta base alternativa</DESCRIPT>
    </SEOCOMPOTX>
    <SEOCOMPOTX>
     <CLSNAME>ZCL_PP_ECTR</CLSNAME>
     <CMPNAME>C_STLAN</CMPNAME>
     <LANGU>I</LANGU>
     <DESCRIPT>Impiego della distinta base</DESCRIPT>
    </SEOCOMPOTX>
    <SEOCOMPOTX>
     <CLSNAME>ZCL_PP_ECTR</CLSNAME>
     <CMPNAME>C_STLTY</CMPNAME>
     <LANGU>I</LANGU>
     <DESCRIPT>Categoria distinta base</DESCRIPT>
    </SEOCOMPOTX>
    <SEOCOMPOTX>
     <CLSNAME>ZCL_PP_ECTR</CLSNAME>
     <CMPNAME>C_WERKS</CMPNAME>
     <LANGU>I</LANGU>
     <DESCRIPT>Divisione</DESCRIPT>
    </SEOCOMPOTX>
    <SEOCOMPOTX>
     <CLSNAME>ZCL_PP_ECTR</CLSNAME>
     <CMPNAME>DATA_LOAD_CHECK</CMPNAME>
     <LANGU>I</LANGU>
     <DESCRIPT>Controlla caricamento</DESCRIPT>
    </SEOCOMPOTX>
    <SEOCOMPOTX>
     <CLSNAME>ZCL_PP_ECTR</CLSNAME>
     <CMPNAME>GET_ACTIVE_NODES</CMPNAME>
     <LANGU>I</LANGU>
     <DESCRIPT>Estrae i nodi attivi dell&apos;albero</DESCRIPT>
    </SEOCOMPOTX>
    <SEOCOMPOTX>
     <CLSNAME>ZCL_PP_ECTR</CLSNAME>
     <CMPNAME>GET_ACTIVE_WBS_USAGE</CMPNAME>
     <LANGU>I</LANGU>
     <DESCRIPT>Dato un parentname estrae le wbs attive</DESCRIPT>
    </SEOCOMPOTX>
    <SEOCOMPOTX>
     <CLSNAME>ZCL_PP_ECTR</CLSNAME>
     <CMPNAME>GET_BOD</CMPNAME>
     <LANGU>I</LANGU>
     <DESCRIPT>Estrazione BOD (bill of document)</DESCRIPT>
    </SEOCOMPOTX>
    <SEOCOMPOTX>
     <CLSNAME>ZCL_PP_ECTR</CLSNAME>
     <CMPNAME>GET_BOM</CMPNAME>
     <LANGU>I</LANGU>
     <DESCRIPT>Estrazione BOM multilivello</DESCRIPT>
    </SEOCOMPOTX>
    <SEOCOMPOTX>
     <CLSNAME>ZCL_PP_ECTR</CLSNAME>
     <CMPNAME>GET_BOM_DATES</CMPNAME>
     <LANGU>I</LANGU>
     <DESCRIPT>Ritorna RELSTARTDATEe RELENDDATE</DESCRIPT>
    </SEOCOMPOTX>
    <SEOCOMPOTX>
     <CLSNAME>ZCL_PP_ECTR</CLSNAME>
     <CMPNAME>GET_BOM_ELE_ROOTNAME</CMPNAME>
     <LANGU>I</LANGU>
     <DESCRIPT>Ritorna rootname legato alla bom scheletro</DESCRIPT>
    </SEOCOMPOTX>
    <SEOCOMPOTX>
     <CLSNAME>ZCL_PP_ECTR</CLSNAME>
     <CMPNAME>GET_BOM_EXPLOSION</CMPNAME>
     <LANGU>I</LANGU>
     <DESCRIPT>Estrazione BOM multilivello con FM CS_BOM_EXPLOSION</DESCRIPT>
    </SEOCOMPOTX>
    <SEOCOMPOTX>
     <CLSNAME>ZCL_PP_ECTR</CLSNAME>
     <CMPNAME>GET_BOM_MEC_ROOTNAME</CMPNAME>
     <LANGU>I</LANGU>
     <DESCRIPT>Ritorna rootname legato alla bom del cad meccanico</DESCRIPT>
    </SEOCOMPOTX>
    <SEOCOMPOTX>
     <CLSNAME>ZCL_PP_ECTR</CLSNAME>
     <CMPNAME>GET_BOM_ROOTNAME</CMPNAME>
     <LANGU>I</LANGU>
     <DESCRIPT>Ritorna rootname</DESCRIPT>
    </SEOCOMPOTX>
    <SEOCOMPOTX>
     <CLSNAME>ZCL_PP_ECTR</CLSNAME>
     <CMPNAME>GET_BOM_SCH_ROOTNAME</CMPNAME>
     <LANGU>I</LANGU>
     <DESCRIPT>Ritorna rootname legato alla bom scheletro</DESCRIPT>
    </SEOCOMPOTX>
    <SEOCOMPOTX>
     <CLSNAME>ZCL_PP_ECTR</CLSNAME>
     <CMPNAME>GET_CAD_MEC_BOM_STATUS</CMPNAME>
     <LANGU>I</LANGU>
     <DESCRIPT>Ritorna stato di rilascio BOM cad meccanico</DESCRIPT>
    </SEOCOMPOTX>
    <SEOCOMPOTX>
     <CLSNAME>ZCL_PP_ECTR</CLSNAME>
     <CMPNAME>GET_DATA_LOAD_RELSTARTDATE</CMPNAME>
     <LANGU>I</LANGU>
     <DESCRIPT>Ritorna RELSTARTDATE da taella di parametrizzazione ZTPP000</DESCRIPT>
    </SEOCOMPOTX>
    <SEOCOMPOTX>
     <CLSNAME>ZCL_PP_ECTR</CLSNAME>
     <CMPNAME>GET_DATA_LOAD_RELSTARTDATE_ANT</CMPNAME>
     <LANGU>I</LANGU>
     <DESCRIPT>Ritorna RELSTARTDATE da taella di parametrizzazione ZTPP000</DESCRIPT>
    </SEOCOMPOTX>
    <SEOCOMPOTX>
     <CLSNAME>ZCL_PP_ECTR</CLSNAME>
     <CMPNAME>GET_DOCUMENT_VERSION</CMPNAME>
     <LANGU>I</LANGU>
     <DESCRIPT>Ritorna la versione del documento</DESCRIPT>
    </SEOCOMPOTX>
    <SEOCOMPOTX>
     <CLSNAME>ZCL_PP_ECTR</CLSNAME>
     <CMPNAME>GET_MODBOM</CMPNAME>
     <LANGU>I</LANGU>
     <DESCRIPT>Ritorna inserimenti tabella ZPP_MODBOM</DESCRIPT>
    </SEOCOMPOTX>
    <SEOCOMPOTX>
     <CLSNAME>ZCL_PP_ECTR</CLSNAME>
     <CMPNAME>GET_READY_FOR_DATA_LOAD</CMPNAME>
     <LANGU>I</LANGU>
     <DESCRIPT>Controlla se il sitema è parametrizzato per il caricamento d</DESCRIPT>
    </SEOCOMPOTX>
    <SEOCOMPOTX>
     <CLSNAME>ZCL_PP_ECTR</CLSNAME>
     <CMPNAME>GET_TREE</CMPNAME>
     <LANGU>I</LANGU>
     <DESCRIPT>Estrazione BOM albero</DESCRIPT>
    </SEOCOMPOTX>
    <SEOCOMPOTX>
     <CLSNAME>ZCL_PP_ECTR</CLSNAME>
     <CMPNAME>GET_WBS_BOM</CMPNAME>
     <LANGU>I</LANGU>
     <DESCRIPT>Estrazione BOM a WBS multilivello</DESCRIPT>
    </SEOCOMPOTX>
    <SEOCOMPOTX>
     <CLSNAME>ZCL_PP_ECTR</CLSNAME>
     <CMPNAME>GET_WBS_DISPO</CMPNAME>
     <LANGU>I</LANGU>
     <DESCRIPT>Aggiunge valori</DESCRIPT>
    </SEOCOMPOTX>
    <SEOCOMPOTX>
     <CLSNAME>ZCL_PP_ECTR</CLSNAME>
     <CMPNAME>IS_MTO</CMPNAME>
     <LANGU>I</LANGU>
     <DESCRIPT>Ritorna se è un &quot;vero&quot; MTO</DESCRIPT>
    </SEOCOMPOTX>
    <SEOCOMPOTX>
     <CLSNAME>ZCL_PP_ECTR</CLSNAME>
     <CMPNAME>TY_S_ALBERO</CMPNAME>
     <LANGU>I</LANGU>
     <DESCRIPT>Albero BOM del cruscotto di produzione</DESCRIPT>
    </SEOCOMPOTX>
   </DESCRIPTIONS>
  </asx:values>
 </asx:abap>
</abapGit>
