﻿<?xml version="1.0" encoding="utf-8"?>
<abapGit version="v1.0.0" serializer="LCL_OBJECT_SXCI" serializer_version="v1.0.0">
 <asx:abap xmlns:asx="http://www.sap.com/abapxml" version="1.0">
  <asx:values>
   <SXCI>
    <IMPLEMENTATION_DATA>
     <IMP_NAME>ZDOCUMENT_MAIN02</IMP_NAME>
     <TEXT>CV01N ECTR VALIDAZIONE DOCUMENTO/VERSIONE  vs CHANGE NUMBER</TEXT>
     <IMP_CLASS>ZCL_IM_DOCUMENT_MAIN02</IMP_CLASS>
     <EXIT_NAME>DOCUMENT_MAIN02</EXIT_NAME>
     <INTER_NAME>IF_EX_DOCUMENT_MAIN02</INTER_NAME>
    </IMPLEMENTATION_DATA>
    <FUNCTION_CODES>
     <item>
      <EXIT_NAME>DOCUMENT_MAIN02</EXIT_NAME>
      <GUI_PROG>SAPLCV110</GUI_PROG>
      <GUI_CODE>+D100_CU1</GUI_CODE>
      <SPRSL>I</SPRSL>
      <GUI_TEXT>Ampliamento menu 1 per dynp. 100</GUI_TEXT>
      <IMP_NAME>ZDOCUMENT_MAIN02</IMP_NAME>
      <TEXT_TYPE>S</TEXT_TYPE>
     </item>
     <item>
      <EXIT_NAME>DOCUMENT_MAIN02</EXIT_NAME>
      <GUI_PROG>SAPLCV110</GUI_PROG>
      <GUI_CODE>+D100_CU2</GUI_CODE>
      <SPRSL>I</SPRSL>
      <GUI_TEXT>Ampliamento menu 2 per dynp. 100</GUI_TEXT>
      <IMP_NAME>ZDOCUMENT_MAIN02</IMP_NAME>
      <TEXT_TYPE>S</TEXT_TYPE>
     </item>
     <item>
      <EXIT_NAME>DOCUMENT_MAIN02</EXIT_NAME>
      <GUI_PROG>SAPLCV110</GUI_PROG>
      <GUI_CODE>+D100_CU3</GUI_CODE>
      <SPRSL>I</SPRSL>
      <GUI_TEXT>Ampliamento menu 3 per dynp. 100</GUI_TEXT>
      <IMP_NAME>ZDOCUMENT_MAIN02</IMP_NAME>
      <TEXT_TYPE>S</TEXT_TYPE>
     </item>
     <item>
      <EXIT_NAME>DOCUMENT_MAIN02</EXIT_NAME>
      <GUI_PROG>SAPLCV110</GUI_PROG>
      <GUI_CODE>+D101_CU1</GUI_CODE>
      <SPRSL>I</SPRSL>
      <GUI_TEXT>Ampliamento menu 1 per dynp 101</GUI_TEXT>
      <IMP_NAME>ZDOCUMENT_MAIN02</IMP_NAME>
      <TEXT_TYPE>S</TEXT_TYPE>
     </item>
     <item>
      <EXIT_NAME>DOCUMENT_MAIN02</EXIT_NAME>
      <GUI_PROG>SAPLCV110</GUI_PROG>
      <GUI_CODE>+D101_CU2</GUI_CODE>
      <SPRSL>I</SPRSL>
      <GUI_TEXT>Ampliamento menu 2 per dynp. 101</GUI_TEXT>
      <IMP_NAME>ZDOCUMENT_MAIN02</IMP_NAME>
      <TEXT_TYPE>S</TEXT_TYPE>
     </item>
     <item>
      <EXIT_NAME>DOCUMENT_MAIN02</EXIT_NAME>
      <GUI_PROG>SAPLCV110</GUI_PROG>
      <GUI_CODE>+D101_CU3</GUI_CODE>
      <SPRSL>I</SPRSL>
      <GUI_TEXT>Ampliamento menu 3 per dynp. 101</GUI_TEXT>
      <IMP_NAME>ZDOCUMENT_MAIN02</IMP_NAME>
      <TEXT_TYPE>S</TEXT_TYPE>
     </item>
    </FUNCTION_CODES>
   </SXCI>
  </asx:values>
 </asx:abap>
</abapGit>
