﻿<?xml version="1.0" encoding="utf-8"?>
<abapGit version="v1.0.0" serializer="LCL_OBJECT_TABL" serializer_version="v1.0.0">
 <asx:abap xmlns:asx="http://www.sap.com/abapxml" version="1.0">
  <asx:values>
   <DD02V>
    <TABNAME>ZDRAW_PROCESSES</TABNAME>
    <DDLANGUAGE>I</DDLANGUAGE>
    <TABCLASS>TRANSP</TABCLASS>
    <CLIDEP>X</CLIDEP>
    <DDTEXT>Active documents on processes</DDTEXT>
    <MAINFLAG>X</MAINFLAG>
    <CONTFLAG>A</CONTFLAG>
    <EXCLASS>1</EXCLASS>
   </DD02V>
   <DD09L>
    <TABNAME>ZDRAW_PROCESSES</TABNAME>
    <AS4LOCAL>A</AS4LOCAL>
    <TABKAT>1</TABKAT>
    <TABART>APPL0</TABART>
    <PROTOKOLL>X</PROTOKOLL>
    <BUFALLOW>N</BUFALLOW>
   </DD09L>
   <DD03P_TABLE>
    <DD03P>
     <TABNAME>ZDRAW_PROCESSES</TABNAME>
     <FIELDNAME>MANDT</FIELDNAME>
     <POSITION>0001</POSITION>
     <KEYFLAG>X</KEYFLAG>
     <ROLLNAME>MANDT</ROLLNAME>
     <ADMINFIELD>0</ADMINFIELD>
     <NOTNULL>X</NOTNULL>
     <COMPTYPE>E</COMPTYPE>
    </DD03P>
    <DD03P>
     <TABNAME>ZDRAW_PROCESSES</TABNAME>
     <FIELDNAME>UNAME</FIELDNAME>
     <POSITION>0002</POSITION>
     <KEYFLAG>X</KEYFLAG>
     <ROLLNAME>UNAME</ROLLNAME>
     <ADMINFIELD>0</ADMINFIELD>
     <NOTNULL>X</NOTNULL>
     <COMPTYPE>E</COMPTYPE>
    </DD03P>
    <DD03P>
     <TABNAME>ZDRAW_PROCESSES</TABNAME>
     <FIELDNAME>SELECTION_DATE</FIELDNAME>
     <POSITION>0003</POSITION>
     <KEYFLAG>X</KEYFLAG>
     <ROLLNAME>DATS</ROLLNAME>
     <ADMINFIELD>0</ADMINFIELD>
     <NOTNULL>X</NOTNULL>
     <SHLPORIGIN>T</SHLPORIGIN>
     <COMPTYPE>E</COMPTYPE>
    </DD03P>
    <DD03P>
     <TABNAME>ZDRAW_PROCESSES</TABNAME>
     <FIELDNAME>SELECTION_TIME</FIELDNAME>
     <POSITION>0004</POSITION>
     <KEYFLAG>X</KEYFLAG>
     <ROLLNAME>TIMS</ROLLNAME>
     <ADMINFIELD>0</ADMINFIELD>
     <NOTNULL>X</NOTNULL>
     <SHLPORIGIN>T</SHLPORIGIN>
     <COMPTYPE>E</COMPTYPE>
    </DD03P>
    <DD03P>
     <TABNAME>ZDRAW_PROCESSES</TABNAME>
     <FIELDNAME>DOKAR</FIELDNAME>
     <POSITION>0005</POSITION>
     <KEYFLAG>X</KEYFLAG>
     <ROLLNAME>DOKAR</ROLLNAME>
     <ADMINFIELD>0</ADMINFIELD>
     <NOTNULL>X</NOTNULL>
     <COMPTYPE>E</COMPTYPE>
    </DD03P>
    <DD03P>
     <TABNAME>ZDRAW_PROCESSES</TABNAME>
     <FIELDNAME>DOKNR</FIELDNAME>
     <POSITION>0006</POSITION>
     <KEYFLAG>X</KEYFLAG>
     <ROLLNAME>DOKNR</ROLLNAME>
     <ADMINFIELD>0</ADMINFIELD>
     <NOTNULL>X</NOTNULL>
     <COMPTYPE>E</COMPTYPE>
    </DD03P>
    <DD03P>
     <TABNAME>ZDRAW_PROCESSES</TABNAME>
     <FIELDNAME>DOKVR</FIELDNAME>
     <POSITION>0007</POSITION>
     <KEYFLAG>X</KEYFLAG>
     <ROLLNAME>DOKVR</ROLLNAME>
     <ADMINFIELD>0</ADMINFIELD>
     <NOTNULL>X</NOTNULL>
     <COMPTYPE>E</COMPTYPE>
    </DD03P>
    <DD03P>
     <TABNAME>ZDRAW_PROCESSES</TABNAME>
     <FIELDNAME>DOKTL</FIELDNAME>
     <POSITION>0008</POSITION>
     <KEYFLAG>X</KEYFLAG>
     <ROLLNAME>DOKTL_D</ROLLNAME>
     <ADMINFIELD>0</ADMINFIELD>
     <NOTNULL>X</NOTNULL>
     <COMPTYPE>E</COMPTYPE>
    </DD03P>
    <DD03P>
     <TABNAME>ZDRAW_PROCESSES</TABNAME>
     <FIELDNAME>FOLDER</FIELDNAME>
     <POSITION>0009</POSITION>
     <ROLLNAME>ZFOLDERPATH</ROLLNAME>
     <ADMINFIELD>0</ADMINFIELD>
     <COMPTYPE>E</COMPTYPE>
    </DD03P>
    <DD03P>
     <TABNAME>ZDRAW_PROCESSES</TABNAME>
     <FIELDNAME>DWNAM</FIELDNAME>
     <POSITION>0010</POSITION>
     <ROLLNAME>DWNAM</ROLLNAME>
     <ADMINFIELD>0</ADMINFIELD>
     <COMPTYPE>E</COMPTYPE>
    </DD03P>
    <DD03P>
     <TABNAME>ZDRAW_PROCESSES</TABNAME>
     <FIELDNAME>DOKST</FIELDNAME>
     <POSITION>0011</POSITION>
     <ROLLNAME>DOKST</ROLLNAME>
     <ADMINFIELD>0</ADMINFIELD>
     <COMPTYPE>E</COMPTYPE>
    </DD03P>
    <DD03P>
     <TABNAME>ZDRAW_PROCESSES</TABNAME>
     <FIELDNAME>LABOR</FIELDNAME>
     <POSITION>0012</POSITION>
     <ROLLNAME>LABOR</ROLLNAME>
     <ADMINFIELD>0</ADMINFIELD>
     <COMPTYPE>E</COMPTYPE>
    </DD03P>
    <DD03P>
     <TABNAME>ZDRAW_PROCESSES</TABNAME>
     <FIELDNAME>AENNR</FIELDNAME>
     <POSITION>0013</POSITION>
     <ROLLNAME>DAENR</ROLLNAME>
     <ADMINFIELD>0</ADMINFIELD>
     <COMPTYPE>E</COMPTYPE>
    </DD03P>
    <DD03P>
     <TABNAME>ZDRAW_PROCESSES</TABNAME>
     <FIELDNAME>WERKA</FIELDNAME>
     <POSITION>0014</POSITION>
     <ROLLNAME>WERKA</ROLLNAME>
     <ADMINFIELD>0</ADMINFIELD>
     <COMPTYPE>E</COMPTYPE>
    </DD03P>
    <DD03P>
     <TABNAME>ZDRAW_PROCESSES</TABNAME>
     <FIELDNAME>LOEDK</FIELDNAME>
     <POSITION>0015</POSITION>
     <ROLLNAME>LOEDK</ROLLNAME>
     <ADMINFIELD>0</ADMINFIELD>
     <VALEXI>X</VALEXI>
     <SHLPORIGIN>F</SHLPORIGIN>
     <COMPTYPE>E</COMPTYPE>
    </DD03P>
    <DD03P>
     <TABNAME>ZDRAW_PROCESSES</TABNAME>
     <FIELDNAME>CADKZ</FIELDNAME>
     <POSITION>0016</POSITION>
     <ROLLNAME>CADKZ</ROLLNAME>
     <ADMINFIELD>0</ADMINFIELD>
     <VALEXI>X</VALEXI>
     <SHLPORIGIN>F</SHLPORIGIN>
     <COMPTYPE>E</COMPTYPE>
    </DD03P>
    <DD03P>
     <TABNAME>ZDRAW_PROCESSES</TABNAME>
     <FIELDNAME>PRENR</FIELDNAME>
     <POSITION>0017</POSITION>
     <ROLLNAME>PRENR</ROLLNAME>
     <ADMINFIELD>0</ADMINFIELD>
     <COMPTYPE>E</COMPTYPE>
    </DD03P>
    <DD03P>
     <TABNAME>ZDRAW_PROCESSES</TABNAME>
     <FIELDNAME>PREVR</FIELDNAME>
     <POSITION>0018</POSITION>
     <ROLLNAME>PREVR</ROLLNAME>
     <ADMINFIELD>0</ADMINFIELD>
     <COMPTYPE>E</COMPTYPE>
    </DD03P>
    <DD03P>
     <TABNAME>ZDRAW_PROCESSES</TABNAME>
     <FIELDNAME>PRETL</FIELDNAME>
     <POSITION>0019</POSITION>
     <ROLLNAME>PRETL</ROLLNAME>
     <ADMINFIELD>0</ADMINFIELD>
     <COMPTYPE>E</COMPTYPE>
    </DD03P>
    <DD03P>
     <TABNAME>ZDRAW_PROCESSES</TABNAME>
     <FIELDNAME>PREAR</FIELDNAME>
     <POSITION>0020</POSITION>
     <ROLLNAME>PREAR</ROLLNAME>
     <ADMINFIELD>0</ADMINFIELD>
     <COMPTYPE>E</COMPTYPE>
    </DD03P>
    <DD03P>
     <TABNAME>ZDRAW_PROCESSES</TABNAME>
     <FIELDNAME>BEGRU</FIELDNAME>
     <POSITION>0021</POSITION>
     <ROLLNAME>BEGRU</ROLLNAME>
     <ADMINFIELD>0</ADMINFIELD>
     <COMPTYPE>E</COMPTYPE>
    </DD03P>
    <DD03P>
     <TABNAME>ZDRAW_PROCESSES</TABNAME>
     <FIELDNAME>FILEP</FIELDNAME>
     <POSITION>0022</POSITION>
     <ROLLNAME>FILEP</ROLLNAME>
     <ADMINFIELD>0</ADMINFIELD>
     <COMPTYPE>E</COMPTYPE>
    </DD03P>
    <DD03P>
     <TABNAME>ZDRAW_PROCESSES</TABNAME>
     <FIELDNAME>DTTRG</FIELDNAME>
     <POSITION>0023</POSITION>
     <ROLLNAME>DTTRG</ROLLNAME>
     <ADMINFIELD>0</ADMINFIELD>
     <COMPTYPE>E</COMPTYPE>
    </DD03P>
    <DD03P>
     <TABNAME>ZDRAW_PROCESSES</TABNAME>
     <FIELDNAME>DAPPL</FIELDNAME>
     <POSITION>0024</POSITION>
     <ROLLNAME>DAPPL</ROLLNAME>
     <ADMINFIELD>0</ADMINFIELD>
     <COMPTYPE>E</COMPTYPE>
    </DD03P>
    <DD03P>
     <TABNAME>ZDRAW_PROCESSES</TABNAME>
     <FIELDNAME>FILEP1</FIELDNAME>
     <POSITION>0025</POSITION>
     <ROLLNAME>FILEP</ROLLNAME>
     <ADMINFIELD>0</ADMINFIELD>
     <COMPTYPE>E</COMPTYPE>
    </DD03P>
    <DD03P>
     <TABNAME>ZDRAW_PROCESSES</TABNAME>
     <FIELDNAME>DTTRG1</FIELDNAME>
     <POSITION>0026</POSITION>
     <ROLLNAME>DTTRG</ROLLNAME>
     <ADMINFIELD>0</ADMINFIELD>
     <COMPTYPE>E</COMPTYPE>
    </DD03P>
    <DD03P>
     <TABNAME>ZDRAW_PROCESSES</TABNAME>
     <FIELDNAME>DAPPL1</FIELDNAME>
     <POSITION>0027</POSITION>
     <ROLLNAME>DAPPL</ROLLNAME>
     <ADMINFIELD>0</ADMINFIELD>
     <COMPTYPE>E</COMPTYPE>
    </DD03P>
    <DD03P>
     <TABNAME>ZDRAW_PROCESSES</TABNAME>
     <FIELDNAME>VRLDAT</FIELDNAME>
     <POSITION>0028</POSITION>
     <ROLLNAME>VRLDAT</ROLLNAME>
     <ADMINFIELD>0</ADMINFIELD>
     <SHLPORIGIN>T</SHLPORIGIN>
     <COMPTYPE>E</COMPTYPE>
    </DD03P>
    <DD03P>
     <TABNAME>ZDRAW_PROCESSES</TABNAME>
     <FIELDNAME>VPRIOR</FIELDNAME>
     <POSITION>0029</POSITION>
     <ROLLNAME>VPRIOR</ROLLNAME>
     <ADMINFIELD>0</ADMINFIELD>
     <COMPTYPE>E</COMPTYPE>
    </DD03P>
    <DD03P>
     <TABNAME>ZDRAW_PROCESSES</TABNAME>
     <FIELDNAME>RES1</FIELDNAME>
     <POSITION>0030</POSITION>
     <ROLLNAME>RESDRAW</ROLLNAME>
     <ADMINFIELD>0</ADMINFIELD>
     <COMPTYPE>E</COMPTYPE>
    </DD03P>
    <DD03P>
     <TABNAME>ZDRAW_PROCESSES</TABNAME>
     <FIELDNAME>RES2</FIELDNAME>
     <POSITION>0031</POSITION>
     <ROLLNAME>RESDRAW</ROLLNAME>
     <ADMINFIELD>0</ADMINFIELD>
     <COMPTYPE>E</COMPTYPE>
    </DD03P>
    <DD03P>
     <TABNAME>ZDRAW_PROCESSES</TABNAME>
     <FIELDNAME>RES3</FIELDNAME>
     <POSITION>0032</POSITION>
     <ROLLNAME>RESDRAW</ROLLNAME>
     <ADMINFIELD>0</ADMINFIELD>
     <COMPTYPE>E</COMPTYPE>
    </DD03P>
    <DD03P>
     <TABNAME>ZDRAW_PROCESSES</TABNAME>
     <FIELDNAME>RES4</FIELDNAME>
     <POSITION>0033</POSITION>
     <ROLLNAME>RESDRAW</ROLLNAME>
     <ADMINFIELD>0</ADMINFIELD>
     <COMPTYPE>E</COMPTYPE>
    </DD03P>
    <DD03P>
     <TABNAME>ZDRAW_PROCESSES</TABNAME>
     <FIELDNAME>MRK_FILEP</FIELDNAME>
     <POSITION>0034</POSITION>
     <ROLLNAME>FILEP</ROLLNAME>
     <ADMINFIELD>0</ADMINFIELD>
     <COMPTYPE>E</COMPTYPE>
    </DD03P>
    <DD03P>
     <TABNAME>ZDRAW_PROCESSES</TABNAME>
     <FIELDNAME>MRK_DTTRG</FIELDNAME>
     <POSITION>0035</POSITION>
     <ROLLNAME>DTTRG</ROLLNAME>
     <ADMINFIELD>0</ADMINFIELD>
     <COMPTYPE>E</COMPTYPE>
    </DD03P>
    <DD03P>
     <TABNAME>ZDRAW_PROCESSES</TABNAME>
     <FIELDNAME>MRK_FILEP1</FIELDNAME>
     <POSITION>0036</POSITION>
     <ROLLNAME>FILEP</ROLLNAME>
     <ADMINFIELD>0</ADMINFIELD>
     <COMPTYPE>E</COMPTYPE>
    </DD03P>
    <DD03P>
     <TABNAME>ZDRAW_PROCESSES</TABNAME>
     <FIELDNAME>MRK_DTTRG1</FIELDNAME>
     <POSITION>0037</POSITION>
     <ROLLNAME>DTTRG</ROLLNAME>
     <ADMINFIELD>0</ADMINFIELD>
     <COMPTYPE>E</COMPTYPE>
    </DD03P>
    <DD03P>
     <TABNAME>ZDRAW_PROCESSES</TABNAME>
     <FIELDNAME>ADATUM</FIELDNAME>
     <POSITION>0038</POSITION>
     <ROLLNAME>ADATUM</ROLLNAME>
     <ADMINFIELD>0</ADMINFIELD>
     <SHLPORIGIN>T</SHLPORIGIN>
     <COMPTYPE>E</COMPTYPE>
    </DD03P>
    <DD03P>
     <TABNAME>ZDRAW_PROCESSES</TABNAME>
     <FIELDNAME>DOKNR_VL</FIELDNAME>
     <POSITION>0039</POSITION>
     <ROLLNAME>DOKNR_VL</ROLLNAME>
     <ADMINFIELD>0</ADMINFIELD>
     <COMPTYPE>E</COMPTYPE>
    </DD03P>
    <DD03P>
     <TABNAME>ZDRAW_PROCESSES</TABNAME>
     <FIELDNAME>DOKTL_VL</FIELDNAME>
     <POSITION>0040</POSITION>
     <ROLLNAME>DOKTL_VL</ROLLNAME>
     <ADMINFIELD>0</ADMINFIELD>
     <COMPTYPE>E</COMPTYPE>
    </DD03P>
    <DD03P>
     <TABNAME>ZDRAW_PROCESSES</TABNAME>
     <FIELDNAME>DOKVR_VL</FIELDNAME>
     <POSITION>0041</POSITION>
     <ROLLNAME>DOKVR_VL</ROLLNAME>
     <ADMINFIELD>0</ADMINFIELD>
     <COMPTYPE>E</COMPTYPE>
    </DD03P>
    <DD03P>
     <TABNAME>ZDRAW_PROCESSES</TABNAME>
     <FIELDNAME>FILELEN</FIELDNAME>
     <POSITION>0042</POSITION>
     <ROLLNAME>ORLN</ROLLNAME>
     <ADMINFIELD>0</ADMINFIELD>
     <COMPTYPE>E</COMPTYPE>
    </DD03P>
    <DD03P>
     <TABNAME>ZDRAW_PROCESSES</TABNAME>
     <FIELDNAME>FILELEN1</FIELDNAME>
     <POSITION>0043</POSITION>
     <ROLLNAME>ORLN</ROLLNAME>
     <ADMINFIELD>0</ADMINFIELD>
     <COMPTYPE>E</COMPTYPE>
    </DD03P>
    <DD03P>
     <TABNAME>ZDRAW_PROCESSES</TABNAME>
     <FIELDNAME>CM_RELEVANCE</FIELDNAME>
     <POSITION>0044</POSITION>
     <ROLLNAME>DE_CM_RELEVANCE_FLAG</ROLLNAME>
     <ADMINFIELD>0</ADMINFIELD>
     <VALEXI>X</VALEXI>
     <SHLPORIGIN>F</SHLPORIGIN>
     <COMPTYPE>E</COMPTYPE>
    </DD03P>
    <DD03P>
     <TABNAME>ZDRAW_PROCESSES</TABNAME>
     <FIELDNAME>CM_FIXED</FIELDNAME>
     <POSITION>0045</POSITION>
     <ROLLNAME>DMS_CM_FIXED</ROLLNAME>
     <ADMINFIELD>0</ADMINFIELD>
     <VALEXI>X</VALEXI>
     <SHLPORIGIN>F</SHLPORIGIN>
     <COMPTYPE>E</COMPTYPE>
    </DD03P>
   </DD03P_TABLE>
  </asx:values>
 </asx:abap>
</abapGit>
