﻿<?xml version="1.0" encoding="utf-8"?>
<abapGit version="v1.0.0" serializer="LCL_OBJECT_DTEL" serializer_version="v1.0.0">
 <asx:abap xmlns:asx="http://www.sap.com/abapxml" version="1.0">
  <asx:values>
   <DD04V>
    <ROLLNAME>ZECTR_TO_SAVE</ROLLNAME>
    <DDLANGUAGE>I</DDLANGUAGE>
    <HEADLEN>55</HEADLEN>
    <SCRLEN1>10</SCRLEN1>
    <SCRLEN2>20</SCRLEN2>
    <SCRLEN3>40</SCRLEN3>
    <DDTEXT>Da ZPP_MODMOD, a fine elab.aggiornare ZPP_MODMOD-ZFALG2</DDTEXT>
    <REPTEXT>To Save</REPTEXT>
    <SCRTEXT_S>To Save</SCRTEXT_S>
    <SCRTEXT_M>To Save</SCRTEXT_M>
    <SCRTEXT_L>To Save</SCRTEXT_L>
    <DTELMASTER>I</DTELMASTER>
    <DATATYPE>CHAR</DATATYPE>
    <LENG>000001</LENG>
    <OUTPUTLEN>000001</OUTPUTLEN>
   </DD04V>
  </asx:values>
 </asx:abap>
</abapGit>
