﻿<?xml version="1.0" encoding="utf-8"?>
<abapGit version="v1.0.0" serializer="LCL_OBJECT_TABL" serializer_version="v1.0.0">
 <asx:abap xmlns:asx="http://www.sap.com/abapxml" version="1.0">
  <asx:values>
   <DD02V>
    <TABNAME>ZECTRBOMEXPLODE</TABNAME>
    <DDLANGUAGE>I</DDLANGUAGE>
    <TABCLASS>INTTAB</TABCLASS>
    <DDTEXT>Struttura per programma esplosione</DDTEXT>
    <EXCLASS>1</EXCLASS>
   </DD02V>
   <DD03P_TABLE>
    <DD03P>
     <TABNAME>ZECTRBOMEXPLODE</TABNAME>
     <FIELDNAME>IDNRK</FIELDNAME>
     <POSITION>0001</POSITION>
     <ROLLNAME>IDNRK</ROLLNAME>
     <ADMINFIELD>0</ADMINFIELD>
     <COMPTYPE>E</COMPTYPE>
    </DD03P>
    <DD03P>
     <TABNAME>ZECTRBOMEXPLODE</TABNAME>
     <FIELDNAME>OJTXP</FIELDNAME>
     <POSITION>0002</POSITION>
     <ROLLNAME>MAKTX</ROLLNAME>
     <ADMINFIELD>0</ADMINFIELD>
     <COMPTYPE>E</COMPTYPE>
    </DD03P>
    <DD03P>
     <TABNAME>ZECTRBOMEXPLODE</TABNAME>
     <FIELDNAME>MENGE</FIELDNAME>
     <POSITION>0003</POSITION>
     <ROLLNAME>KMPMG</ROLLNAME>
     <ADMINFIELD>0</ADMINFIELD>
     <REFTABLE>ZECTRBOMEXPLODE</REFTABLE>
     <REFFIELD>MEINS</REFFIELD>
     <COMPTYPE>E</COMPTYPE>
    </DD03P>
    <DD03P>
     <TABNAME>ZECTRBOMEXPLODE</TABNAME>
     <FIELDNAME>MEINS</FIELDNAME>
     <POSITION>0004</POSITION>
     <ROLLNAME>UNIT</ROLLNAME>
     <ADMINFIELD>0</ADMINFIELD>
     <COMPTYPE>E</COMPTYPE>
    </DD03P>
    <DD03P>
     <TABNAME>ZECTRBOMEXPLODE</TABNAME>
     <FIELDNAME>DUMPS</FIELDNAME>
     <POSITION>0005</POSITION>
     <ROLLNAME>DUMPS</ROLLNAME>
     <ADMINFIELD>0</ADMINFIELD>
     <VALEXI>X</VALEXI>
     <SHLPORIGIN>F</SHLPORIGIN>
     <COMPTYPE>E</COMPTYPE>
    </DD03P>
    <DD03P>
     <TABNAME>ZECTRBOMEXPLODE</TABNAME>
     <FIELDNAME>STLNR</FIELDNAME>
     <POSITION>0006</POSITION>
     <ROLLNAME>STNUM</ROLLNAME>
     <ADMINFIELD>0</ADMINFIELD>
     <SHLPORIGIN>D</SHLPORIGIN>
     <COMPTYPE>E</COMPTYPE>
    </DD03P>
    <DD03P>
     <TABNAME>ZECTRBOMEXPLODE</TABNAME>
     <FIELDNAME>STLAN</FIELDNAME>
     <POSITION>0007</POSITION>
     <ROLLNAME>STLAN</ROLLNAME>
     <ADMINFIELD>0</ADMINFIELD>
     <COMPTYPE>E</COMPTYPE>
    </DD03P>
    <DD03P>
     <TABNAME>ZECTRBOMEXPLODE</TABNAME>
     <FIELDNAME>STLAL</FIELDNAME>
     <POSITION>0008</POSITION>
     <ROLLNAME>STLAL</ROLLNAME>
     <ADMINFIELD>0</ADMINFIELD>
     <COMPTYPE>E</COMPTYPE>
    </DD03P>
    <DD03P>
     <TABNAME>ZECTRBOMEXPLODE</TABNAME>
     <FIELDNAME>DATUV</FIELDNAME>
     <POSITION>0009</POSITION>
     <ROLLNAME>DATS</ROLLNAME>
     <ADMINFIELD>0</ADMINFIELD>
     <SHLPORIGIN>T</SHLPORIGIN>
     <COMPTYPE>E</COMPTYPE>
    </DD03P>
    <DD03P>
     <TABNAME>ZECTRBOMEXPLODE</TABNAME>
     <FIELDNAME>DATUB</FIELDNAME>
     <POSITION>0010</POSITION>
     <ROLLNAME>DATS</ROLLNAME>
     <ADMINFIELD>0</ADMINFIELD>
     <SHLPORIGIN>T</SHLPORIGIN>
     <COMPTYPE>E</COMPTYPE>
    </DD03P>
    <DD03P>
     <TABNAME>ZECTRBOMEXPLODE</TABNAME>
     <FIELDNAME>WERKS</FIELDNAME>
     <POSITION>0011</POSITION>
     <ROLLNAME>WERKS_D</ROLLNAME>
     <ADMINFIELD>0</ADMINFIELD>
     <SHLPORIGIN>D</SHLPORIGIN>
     <COMPTYPE>E</COMPTYPE>
    </DD03P>
    <DD03P>
     <TABNAME>ZECTRBOMEXPLODE</TABNAME>
     <FIELDNAME>FATHER</FIELDNAME>
     <POSITION>0012</POSITION>
     <ROLLNAME>IDNRK</ROLLNAME>
     <ADMINFIELD>0</ADMINFIELD>
     <COMPTYPE>E</COMPTYPE>
    </DD03P>
   </DD03P_TABLE>
  </asx:values>
 </asx:abap>
</abapGit>
