﻿<?xml version="1.0" encoding="utf-8"?>
<abapGit version="v1.0.0" serializer="LCL_OBJECT_DTEL" serializer_version="v1.0.0">
 <asx:abap xmlns:asx="http://www.sap.com/abapxml" version="1.0">
  <asx:values>
   <DD04V>
    <ROLLNAME>ZECTR_ROOTNAMES_LAT</ROLLNAME>
    <DDLANGUAGE>I</DDLANGUAGE>
    <DOMNAME>STRING</DOMNAME>
    <HEADLEN>55</HEADLEN>
    <SCRLEN1>10</SCRLEN1>
    <SCRLEN2>20</SCRLEN2>
    <SCRLEN3>40</SCRLEN3>
    <DDTEXT>Rootnames da alg. lat.</DDTEXT>
    <REPTEXT>Rootnames da alg. lat.</REPTEXT>
    <SCRTEXT_S>RootAlgLat</SCRTEXT_S>
    <SCRTEXT_M>Rootnames alg. lat.</SCRTEXT_M>
    <SCRTEXT_L>Rootnames da alg. lat.</SCRTEXT_L>
    <DTELMASTER>I</DTELMASTER>
    <REFKIND>D</REFKIND>
   </DD04V>
  </asx:values>
 </asx:abap>
</abapGit>
