﻿<?xml version="1.0" encoding="utf-8"?>
<abapGit version="v1.0.0" serializer="LCL_OBJECT_DTEL" serializer_version="v1.0.0">
 <asx:abap xmlns:asx="http://www.sap.com/abapxml" version="1.0">
  <asx:values>
   <DD04V>
    <ROLLNAME>ZECTR_ACTION</ROLLNAME>
    <DDLANGUAGE>I</DDLANGUAGE>
    <HEADLEN>55</HEADLEN>
    <SCRLEN1>10</SCRLEN1>
    <SCRLEN2>20</SCRLEN2>
    <SCRLEN3>40</SCRLEN3>
    <DDTEXT>Azione</DDTEXT>
    <REPTEXT>Azione</REPTEXT>
    <SCRTEXT_S>Azione</SCRTEXT_S>
    <SCRTEXT_M>Azione</SCRTEXT_M>
    <SCRTEXT_L>Azione</SCRTEXT_L>
    <DTELMASTER>I</DTELMASTER>
    <DATATYPE>CHAR</DATATYPE>
    <LENG>000003</LENG>
    <OUTPUTLEN>000003</OUTPUTLEN>
   </DD04V>
  </asx:values>
 </asx:abap>
</abapGit>
