﻿<?xml version="1.0" encoding="utf-8"?>
<abapGit version="v1.0.0" serializer="LCL_OBJECT_DTEL" serializer_version="v1.0.0">
 <asx:abap xmlns:asx="http://www.sap.com/abapxml" version="1.0">
  <asx:values>
   <DD04V>
    <ROLLNAME>ZECTR_COUNTER2</ROLLNAME>
    <DDLANGUAGE>I</DDLANGUAGE>
    <HEADLEN>55</HEADLEN>
    <SCRLEN1>10</SCRLEN1>
    <SCRLEN2>20</SCRLEN2>
    <SCRLEN3>40</SCRLEN3>
    <DDTEXT>Counter 2</DDTEXT>
    <REPTEXT>Counter 2</REPTEXT>
    <SCRTEXT_S>Counter 2</SCRTEXT_S>
    <SCRTEXT_M>Counter 2</SCRTEXT_M>
    <SCRTEXT_L>Counter 2</SCRTEXT_L>
    <DTELMASTER>I</DTELMASTER>
    <DATATYPE>NUMC</DATATYPE>
    <LENG>000002</LENG>
    <OUTPUTLEN>000002</OUTPUTLEN>
   </DD04V>
  </asx:values>
 </asx:abap>
</abapGit>
