﻿<?xml version="1.0" encoding="utf-8"?>
<abapGit version="v1.0.0" serializer="LCL_OBJECT_ENHO" serializer_version="v1.0.0">
 <asx:abap xmlns:asx="http://www.sap.com/abapxml" version="1.0">
  <asx:values>
   <TOOL>HOOK_IMPL</TOOL>
   <SHORTTEXT>ENHANCEMENT CV01N ECTR VALIDAZIONE DOCUMENTO/VERSIONE  vs CHANGE NUMBER</SHORTTEXT>
   <ORIGINAL_OBJECT>
    <PGMID>R3TR</PGMID>
    <ORG_OBJ_TYPE>FUGR</ORG_OBJ_TYPE>
    <ORG_OBJ_NAME>CV110</ORG_OBJ_NAME>
    <ORG_MAIN_TYPE>FUGR</ORG_MAIN_TYPE>
    <ORG_MAIN_NAME>CV110</ORG_MAIN_NAME>
    <PROGRAMNAME>SAPLCV110</PROGRAMNAME>
   </ORIGINAL_OBJECT>
   <ENHANCEMENTS>
    <ENH_HOOK_IMPL>
     <PROGRAMNAME>SAPLCV110</PROGRAMNAME>
     <EXTID>1</EXTID>
     <ID>1</ID>
     <ENHMODE>D</ENHMODE>
     <FULL_NAME>\PR:SAPLCV110\FO:D101_EXIT_CONFIRM\SE:END\EI</FULL_NAME>
     <SOURCE>
      <item>*   In Creazione Documento attivare i seguenti controlli al salvataggio</item>
      <item>&quot;BREAK pp-kosme.</item>
      <item>DATA: ls_ztpp000 TYPE ztpp000.</item>
      <item>CLEAR: ls_ztpp000.</item>
      <item/>
      <item>*   ESTRAZIONE DATI PER VERIFICARE SE PROSEGUIRE</item>
      <item>SELECT SINGLE * INTO CORRESPONDING FIELDS OF ls_ztpp000 FROM ztpp000</item>
      <item>WHERE zzcd1 = &apos;ZMM_ECTR_CV01N&apos;</item>
      <item>AND zzcd2 = &apos;VALIDAZIONE_DOC_VER_CN&apos;</item>
      <item>AND zzds1 = &apos;X&apos;.</item>
      <item/>
      <item>IF sy-tcode(4) = &apos;CV01&apos;  AND</item>
      <item>draw-aennr IS INITIAL AND</item>
      <item>pfx_answer = &apos;J&apos; AND</item>
      <item>ls_ztpp000-zzds1 = &apos;X&apos;.</item>
      <item/>
      <item>DATA: l_mess1 TYPE string.</item>
      <item>DATA: l_mess2 TYPE string.</item>
      <item/>
      <item>l_mess1 = &apos;Al Documento/Versione non è stato attribuito un Numero di modifica.&apos;.</item>
      <item>l_mess2 = &apos;Impossibile salvare&apos;.</item>
      <item/>
      <item>CALL FUNCTION &apos;POPUP_TO_INFORM&apos;</item>
      <item>EXPORTING</item>
      <item>titel = &apos;ERROR Class ZCL_IM_DOCUMENT_MAIN02&apos;</item>
      <item>txt1  = l_mess1</item>
      <item>txt2  = l_mess2</item>
      <item>txt3  = &apos;&apos;</item>
      <item>txt4  = &apos;&apos;.</item>
      <item/>
      <item>*     Sostituire la Risposta a No : non salvare</item>
      <item>pfx_answer = &apos;N&apos;.</item>
      <item>ENDIF.</item>
      <item>*</item>
     </SOURCE>
    </ENH_HOOK_IMPL>
   </ENHANCEMENTS>
   <SPACES>
    <item>
     <FULL_NAME>\PR:SAPLCV110\FO:D101_EXIT_CONFIRM\SE:END\EI</FULL_NAME>
     <SPACES>
      <item>0</item>
      <item>4</item>
      <item>4</item>
      <item>4</item>
      <item>0</item>
      <item>0</item>
      <item>4</item>
      <item>6</item>
      <item>8</item>
      <item>8</item>
      <item>0</item>
      <item>4</item>
      <item>7</item>
      <item>7</item>
      <item>7</item>
      <item>0</item>
      <item>6</item>
      <item>6</item>
      <item>0</item>
      <item>6</item>
      <item>6</item>
      <item>0</item>
      <item>6</item>
      <item>8</item>
      <item>10</item>
      <item>10</item>
      <item>10</item>
      <item>10</item>
      <item>10</item>
      <item>0</item>
      <item>0</item>
      <item>6</item>
      <item>4</item>
      <item>0</item>
     </SPACES>
    </item>
   </SPACES>
  </asx:values>
 </asx:abap>
</abapGit>
