﻿<?xml version="1.0" encoding="utf-8"?>
<abapGit version="v1.0.0" serializer="LCL_OBJECT_DTEL" serializer_version="v1.0.0">
 <asx:abap xmlns:asx="http://www.sap.com/abapxml" version="1.0">
  <asx:values>
   <DD04V>
    <ROLLNAME>ZEPPP_ZCDTIPO</ROLLNAME>
    <DDLANGUAGE>I</DDLANGUAGE>
    <DOMNAME>CHAR02</DOMNAME>
    <SCRLEN1>05</SCRLEN1>
    <SCRLEN2>10</SCRLEN2>
    <SCRLEN3>15</SCRLEN3>
    <DDTEXT>Tipologia ECN</DDTEXT>
    <SCRTEXT_S>T.ECN</SCRTEXT_S>
    <SCRTEXT_M>Tipo.ECN</SCRTEXT_M>
    <SCRTEXT_L>Tipologia ECN</SCRTEXT_L>
    <DTELMASTER>I</DTELMASTER>
    <REFKIND>D</REFKIND>
   </DD04V>
  </asx:values>
 </asx:abap>
</abapGit>
