﻿<?xml version="1.0" encoding="utf-8"?>
<abapGit version="v1.0.0" serializer="LCL_OBJECT_SHLP" serializer_version="v1.0.0">
 <asx:abap xmlns:asx="http://www.sap.com/abapxml" version="1.0">
  <asx:values>
   <DD30V>
    <SHLPNAME>ZHLP_ZMM_MATERIAL_T</SHLPNAME>
    <DDLANGUAGE>I</DDLANGUAGE>
    <DDTEXT>Help di ricerca su tabella ZMM_MATERIAL_T</DDTEXT>
    <ISSIMPLE>X</ISSIMPLE>
    <SELMETHOD>ZMM_MATERIAL_T</SELMETHOD>
    <SELMTYPE>T</SELMTYPE>
    <DIALOGTYPE>D</DIALOGTYPE>
    <FUZZY_SIMILARITY>0.8</FUZZY_SIMILARITY>
   </DD30V>
   <DD32P_TABLE>
    <DD32P>
     <SHLPNAME>ZHLP_ZMM_MATERIAL_T</SHLPNAME>
     <FIELDNAME>SPRAS</FIELDNAME>
     <FLPOSITION>0001</FLPOSITION>
     <ROLLNAME>SPRAS</ROLLNAME>
     <SHLPSELPOS>01</SHLPSELPOS>
     <SHLPLISPOS>01</SHLPLISPOS>
     <DEFAULTVAL>SY-LANGU</DEFAULTVAL>
     <DEFAULTTYP>S</DEFAULTTYP>
     <SCRLEN3>20</SCRLEN3>
    </DD32P>
    <DD32P>
     <SHLPNAME>ZHLP_ZMM_MATERIAL_T</SHLPNAME>
     <FIELDNAME>ZZMATERIAL</FIELDNAME>
     <FLPOSITION>0002</FLPOSITION>
     <ROLLNAME>ZZMATERIAL</ROLLNAME>
     <SHLPINPUT>X</SHLPINPUT>
     <SHLPSELPOS>02</SHLPSELPOS>
     <SHLPLISPOS>02</SHLPLISPOS>
     <SCRLEN3>40</SCRLEN3>
    </DD32P>
    <DD32P>
     <SHLPNAME>ZHLP_ZMM_MATERIAL_T</SHLPNAME>
     <FIELDNAME>ZZMATERIAL_DESCR</FIELDNAME>
     <FLPOSITION>0003</FLPOSITION>
     <ROLLNAME>ZZMATERIAL_DESCR</ROLLNAME>
     <SHLPINPUT>X</SHLPINPUT>
     <SHLPOUTPUT>X</SHLPOUTPUT>
     <SHLPSELPOS>03</SHLPSELPOS>
     <SHLPLISPOS>03</SHLPLISPOS>
     <SCRLEN3>40</SCRLEN3>
    </DD32P>
   </DD32P_TABLE>
  </asx:values>
 </asx:abap>
</abapGit>
