﻿<?xml version="1.0" encoding="utf-8"?>
<abapGit version="v1.0.0" serializer="LCL_OBJECT_SHLP" serializer_version="v1.0.0">
 <asx:abap xmlns:asx="http://www.sap.com/abapxml" version="1.0">
  <asx:values>
   <DD30V>
    <SHLPNAME>ZHLP_ZPP_INTER_MATKL</SHLPNAME>
    <DDLANGUAGE>I</DDLANGUAGE>
    <DDTEXT>Help di ricerca su tabella ZPP_INTER_MATKL</DDTEXT>
    <ISSIMPLE>X</ISSIMPLE>
    <SELMETHOD>ZPP_INTER_MATKL</SELMETHOD>
    <SELMTYPE>T</SELMTYPE>
    <DIALOGTYPE>A</DIALOGTYPE>
    <FUZZY_SIMILARITY>0.8</FUZZY_SIMILARITY>
   </DD30V>
   <DD32P_TABLE>
    <DD32P>
     <SHLPNAME>ZHLP_ZPP_INTER_MATKL</SHLPNAME>
     <FIELDNAME>TIPOLOGIA</FIELDNAME>
     <FLPOSITION>0001</FLPOSITION>
     <ROLLNAME>ZPP_ECTR_TIPO</ROLLNAME>
     <SHLPINPUT>X</SHLPINPUT>
     <SHLPSELPOS>01</SHLPSELPOS>
     <SHLPLISPOS>01</SHLPLISPOS>
     <SCRLEN3>40</SCRLEN3>
    </DD32P>
    <DD32P>
     <SHLPNAME>ZHLP_ZPP_INTER_MATKL</SHLPNAME>
     <FIELDNAME>MATKL</FIELDNAME>
     <FLPOSITION>0002</FLPOSITION>
     <ROLLNAME>MATKL</ROLLNAME>
     <SHLPOUTPUT>X</SHLPOUTPUT>
     <SHLPSELPOS>02</SHLPSELPOS>
     <SHLPLISPOS>02</SHLPLISPOS>
     <SCRLEN3>20</SCRLEN3>
    </DD32P>
   </DD32P_TABLE>
  </asx:values>
 </asx:abap>
</abapGit>
