﻿<?xml version="1.0" encoding="utf-8"?>
<abapGit version="v1.0.0" serializer="LCL_OBJECT_TABL" serializer_version="v1.0.0">
 <asx:abap xmlns:asx="http://www.sap.com/abapxml" version="1.0">
  <asx:values>
   <DD02V>
    <TABNAME>ZMM_RIPRESA_DOCUMENTI</TABNAME>
    <DDLANGUAGE>I</DDLANGUAGE>
    <TABCLASS>INTTAB</TABCLASS>
    <DDTEXT>Struttra per ripresa documenti</DDTEXT>
    <EXCLASS>4</EXCLASS>
   </DD02V>
   <DD03P_TABLE>
    <DD03P>
     <TABNAME>ZMM_RIPRESA_DOCUMENTI</TABNAME>
     <FIELDNAME>MATNR</FIELDNAME>
     <POSITION>0001</POSITION>
     <ROLLNAME>MATNR</ROLLNAME>
     <ADMINFIELD>0</ADMINFIELD>
     <SHLPORIGIN>D</SHLPORIGIN>
     <COMPTYPE>E</COMPTYPE>
    </DD03P>
    <DD03P>
     <TABNAME>ZMM_RIPRESA_DOCUMENTI</TABNAME>
     <FIELDNAME>ZZCARTIGLIO</FIELDNAME>
     <POSITION>0002</POSITION>
     <ROLLNAME>ZEMMM_CARTIGLIO</ROLLNAME>
     <ADMINFIELD>0</ADMINFIELD>
     <COMPTYPE>E</COMPTYPE>
    </DD03P>
    <DD03P>
     <TABNAME>ZMM_RIPRESA_DOCUMENTI</TABNAME>
     <FIELDNAME>REVLV</FIELDNAME>
     <POSITION>0003</POSITION>
     <ROLLNAME>CC_REVLV</ROLLNAME>
     <ADMINFIELD>0</ADMINFIELD>
     <COMPTYPE>E</COMPTYPE>
    </DD03P>
    <DD03P>
     <TABNAME>ZMM_RIPRESA_DOCUMENTI</TABNAME>
     <FIELDNAME>MATKL</FIELDNAME>
     <POSITION>0004</POSITION>
     <ROLLNAME>MATKL</ROLLNAME>
     <ADMINFIELD>0</ADMINFIELD>
     <SHLPORIGIN>D</SHLPORIGIN>
     <COMPTYPE>E</COMPTYPE>
    </DD03P>
    <DD03P>
     <TABNAME>ZMM_RIPRESA_DOCUMENTI</TABNAME>
     <FIELDNAME>ZZCARATT</FIELDNAME>
     <POSITION>0005</POSITION>
     <ROLLNAME>ZEMMM_CARATT</ROLLNAME>
     <ADMINFIELD>0</ADMINFIELD>
     <COMPTYPE>E</COMPTYPE>
    </DD03P>
   </DD03P_TABLE>
  </asx:values>
 </asx:abap>
</abapGit>
