﻿<?xml version="1.0" encoding="utf-8"?>
<abapGit version="v1.0.0" serializer="LCL_OBJECT_FUGR" serializer_version="v1.0.0">
 <asx:abap xmlns:asx="http://www.sap.com/abapxml" version="1.0">
  <asx:values>
   <AREAT>Gruppo funzioni per CAD Elettrico</AREAT>
   <INCLUDES>
    <SOBJ_NAME>LZMM_CADEF00</SOBJ_NAME>
    <SOBJ_NAME>LZMM_CADEF01</SOBJ_NAME>
    <SOBJ_NAME>LZMM_CADETOP</SOBJ_NAME>
    <SOBJ_NAME>Z_REPORT_INIT_4</SOBJ_NAME>
    <SOBJ_NAME>Z_REPORT_INIT_4_TOP_E_MACRO</SOBJ_NAME>
    <SOBJ_NAME>SAPLZMM_CADE</SOBJ_NAME>
   </INCLUDES>
   <FUNCTIONS>
    <item>
     <FUNCNAME>Z_MM_CADE_MM03</FUNCNAME>
     <REMOTE_CALL>R</REMOTE_CALL>
     <SHORT_TEXT>CAD Elettrico: Esportazione delle anagrafiche materiale</SHORT_TEXT>
     <IMPORT>
      <RSIMP>
       <PARAMETER>P_WERKS_IN</PARAMETER>
       <DEFAULT>&apos;6301&apos;</DEFAULT>
       <TYP>CHAR4</TYP>
      </RSIMP>
      <RSIMP>
       <PARAMETER>P_CARICA_IN</PARAMETER>
       <OPTIONAL>X</OPTIONAL>
       <TYP>CHAR1</TYP>
      </RSIMP>
     </IMPORT>
     <TABLES>
      <RSTBL>
       <PARAMETER>S_DATA_IN</PARAMETER>
       <DBSTRUCT>ZBC_RANGE_DATE_CHAR</DBSTRUCT>
      </RSTBL>
      <RSTBL>
       <PARAMETER>ZMM_MAKT</PARAMETER>
       <DBSTRUCT>ZMM_MAKT</DBSTRUCT>
       <OPTIONAL>X</OPTIONAL>
      </RSTBL>
      <RSTBL>
       <PARAMETER>ZMM_MARA</PARAMETER>
       <DBSTRUCT>ZMM_MARA</DBSTRUCT>
       <OPTIONAL>X</OPTIONAL>
      </RSTBL>
     </TABLES>
     <DOCUMENTATION>
      <RSFDO>
       <PARAMETER>P_WERKS_IN</PARAMETER>
       <KIND>P</KIND>
       <STEXT>Divisione</STEXT>
       <INDEX> 001</INDEX>
      </RSFDO>
      <RSFDO>
       <PARAMETER>P_CARICA_IN</PARAMETER>
       <KIND>P</KIND>
       <STEXT>&apos;X&apos;: Ripresa dati iniziale oppure - vuoto: Ripresa dati per data</STEXT>
       <INDEX> 002</INDEX>
      </RSFDO>
      <RSFDO>
       <PARAMETER>S_DATA_IN</PARAMETER>
       <KIND>P</KIND>
       <STEXT>Struttura di una tabella range per una data in formato CHAR</STEXT>
       <INDEX> 003</INDEX>
      </RSFDO>
      <RSFDO>
       <PARAMETER>ZMM_MAKT</PARAMETER>
       <KIND>P</KIND>
       <STEXT>CAD Elettrico: descrizioni in lingua IT e EN</STEXT>
       <INDEX> 004</INDEX>
      </RSFDO>
      <RSFDO>
       <PARAMETER>ZMM_MARA</PARAMETER>
       <KIND>P</KIND>
       <STEXT>CAD Elettrico: dati anagrafica materiale</STEXT>
       <INDEX> 005</INDEX>
      </RSFDO>
     </DOCUMENTATION>
    </item>
   </FUNCTIONS>
  </asx:values>
 </asx:abap>
</abapGit>
