﻿<?xml version="1.0" encoding="utf-8"?>
<abapGit version="v1.0.0" serializer="LCL_OBJECT_TRAN" serializer_version="v1.0.0">
 <asx:abap xmlns:asx="http://www.sap.com/abapxml" version="1.0">
  <asx:values>
   <TSTC>
    <TCODE>ZMMM_MARA_AEOI</TCODE>
    <CINFO>Ag==</CINFO>
   </TSTC>
   <TSTCC>
    <TCODE>ZMMM_MARA_AEOI</TCODE>
    <S_WEBGUI>1</S_WEBGUI>
    <S_WIN32>X</S_WIN32>
    <S_PLATIN>X</S_PLATIN>
   </TSTCC>
   <TSTCT>
    <SPRSL>I</SPRSL>
    <TCODE>ZMMM_MARA_AEOI</TCODE>
    <TTEXT>Recuperare EX ZMTO</TTEXT>
   </TSTCT>
   <TSTCP>
    <TCODE>ZMMM_MARA_AEOI</TCODE>
    <PARAM>/*START_REPORT D_SREPOVARI-REPORTTYPE=AQ;D_SREPOVARI-REPORT=PP;D_SREPOVARI-EXTDREPORT=MARA-AEOI;</PARAM>
   </TSTCP>
  </asx:values>
 </asx:abap>
</abapGit>
