﻿<?xml version="1.0" encoding="utf-8"?>
<abapGit version="v1.0.0" serializer="LCL_OBJECT_FUGR" serializer_version="v1.0.0">
 <asx:abap xmlns:asx="http://www.sap.com/abapxml" version="1.0">
  <asx:values>
   <AREAT>ectr FUNCTION GROUP</AREAT>
   <INCLUDES>
    <SOBJ_NAME>LZPLM_ECTRTOP</SOBJ_NAME>
    <SOBJ_NAME>SAPLZPLM_ECTR</SOBJ_NAME>
   </INCLUDES>
   <FUNCTIONS>
    <item>
     <FUNCNAME>ZSH_AENNR_BOM</FUNCNAME>
     <SHORT_TEXT>Change Number SH for BOM Explosion</SHORT_TEXT>
     <CHANGING>
      <RSCHA>
       <PARAMETER>SHLP</PARAMETER>
       <TYP>SHLP_DESCR</TYP>
      </RSCHA>
      <RSCHA>
       <PARAMETER>CALLCONTROL</PARAMETER>
       <DBFIELD>DDSHF4CTRL</DBFIELD>
      </RSCHA>
     </CHANGING>
     <TABLES>
      <RSTBL>
       <PARAMETER>SHLP_TAB</PARAMETER>
       <TYP>SHLP_DESCT</TYP>
      </RSTBL>
      <RSTBL>
       <PARAMETER>RECORD_TAB</PARAMETER>
       <DBSTRUCT>SEAHLPRES</DBSTRUCT>
      </RSTBL>
     </TABLES>
     <DOCUMENTATION>
      <RSFDO>
       <PARAMETER>SHLP_TAB</PARAMETER>
       <KIND>P</KIND>
       <STEXT>Lista di help di ricerca elementari alternativi</STEXT>
       <INDEX> 001</INDEX>
      </RSFDO>
      <RSFDO>
       <PARAMETER>RECORD_TAB</PARAMETER>
       <KIND>P</KIND>
       <STEXT>Help di ricerca struttura del risultato</STEXT>
       <INDEX> 002</INDEX>
      </RSFDO>
      <RSFDO>
       <PARAMETER>SHLP</PARAMETER>
       <KIND>P</KIND>
       <STEXT>Descrizione di un help di ricerca</STEXT>
       <INDEX> 003</INDEX>
      </RSFDO>
      <RSFDO>
       <PARAMETER>CALLCONTROL</PARAMETER>
       <KIND>P</KIND>
       <STEXT>Struttura di controllo esec. F4 con exit help di ricerca</STEXT>
       <INDEX> 004</INDEX>
      </RSFDO>
     </DOCUMENTATION>
    </item>
   </FUNCTIONS>
  </asx:values>
 </asx:abap>
</abapGit>
