﻿<?xml version="1.0" encoding="utf-8"?>
<abapGit version="v1.0.0" serializer="LCL_OBJECT_DTEL" serializer_version="v1.0.0">
 <asx:abap xmlns:asx="http://www.sap.com/abapxml" version="1.0">
  <asx:values>
   <DD04V>
    <ROLLNAME>ZPP_ECTR_TIPO</ROLLNAME>
    <DDLANGUAGE>I</DDLANGUAGE>
    <DOMNAME>ZPP_ECTR_TIPO</DOMNAME>
    <HEADLEN>55</HEADLEN>
    <SCRLEN1>10</SCRLEN1>
    <SCRLEN2>20</SCRLEN2>
    <SCRLEN3>40</SCRLEN3>
    <DDTEXT>Tipologia</DDTEXT>
    <REPTEXT>Tipologia</REPTEXT>
    <SCRTEXT_S>Tipologia</SCRTEXT_S>
    <SCRTEXT_M>Tipologia</SCRTEXT_M>
    <SCRTEXT_L>Tipologia</SCRTEXT_L>
    <DTELMASTER>I</DTELMASTER>
    <REFKIND>D</REFKIND>
   </DD04V>
  </asx:values>
 </asx:abap>
</abapGit>
