﻿<?xml version="1.0" encoding="utf-8"?>
<abapGit version="v1.0.0" serializer="LCL_OBJECT_DTEL" serializer_version="v1.0.0">
 <asx:abap xmlns:asx="http://www.sap.com/abapxml" version="1.0">
  <asx:values>
   <DD04V>
    <ROLLNAME>ZPP_ECTR_AMB</ROLLNAME>
    <DDLANGUAGE>I</DDLANGUAGE>
    <DOMNAME>ZPP_ECTR_AMB</DOMNAME>
    <HEADLEN>06</HEADLEN>
    <SCRLEN1>06</SCRLEN1>
    <SCRLEN2>06</SCRLEN2>
    <SCRLEN3>06</SCRLEN3>
    <DDTEXT>Ambito</DDTEXT>
    <REPTEXT>Ambito</REPTEXT>
    <SCRTEXT_S>Ambito</SCRTEXT_S>
    <SCRTEXT_M>Ambito</SCRTEXT_M>
    <SCRTEXT_L>Ambito</SCRTEXT_L>
    <DTELMASTER>I</DTELMASTER>
    <REFKIND>D</REFKIND>
   </DD04V>
  </asx:values>
 </asx:abap>
</abapGit>
