﻿<?xml version="1.0" encoding="utf-8"?>
<abapGit version="v1.0.0" serializer="LCL_OBJECT_TABL" serializer_version="v1.0.0">
 <asx:abap xmlns:asx="http://www.sap.com/abapxml" version="1.0">
  <asx:values>
   <DD02V>
    <TABNAME>ZPP_MODBOM</TABNAME>
    <DDLANGUAGE>I</DDLANGUAGE>
    <TABCLASS>TRANSP</TABCLASS>
    <CLIDEP>X</CLIDEP>
    <DDTEXT>Storicizzazione modifiche BOM</DDTEXT>
    <MAINFLAG>X</MAINFLAG>
    <CONTFLAG>A</CONTFLAG>
    <EXCLASS>4</EXCLASS>
   </DD02V>
   <DD09L>
    <TABNAME>ZPP_MODBOM</TABNAME>
    <AS4LOCAL>A</AS4LOCAL>
    <TABKAT>7</TABKAT>
    <TABART>APPL0</TABART>
    <BUFALLOW>N</BUFALLOW>
   </DD09L>
   <DD03P_TABLE>
    <DD03P>
     <TABNAME>ZPP_MODBOM</TABNAME>
     <FIELDNAME>MANDT</FIELDNAME>
     <POSITION>0001</POSITION>
     <KEYFLAG>X</KEYFLAG>
     <ROLLNAME>MANDT</ROLLNAME>
     <ADMINFIELD>0</ADMINFIELD>
     <NOTNULL>X</NOTNULL>
     <COMPTYPE>E</COMPTYPE>
    </DD03P>
    <DD03P>
     <TABNAME>ZPP_MODBOM</TABNAME>
     <FIELDNAME>AENNR</FIELDNAME>
     <POSITION>0002</POSITION>
     <KEYFLAG>X</KEYFLAG>
     <ROLLNAME>AENNR</ROLLNAME>
     <ADMINFIELD>0</ADMINFIELD>
     <NOTNULL>X</NOTNULL>
     <COMPTYPE>E</COMPTYPE>
    </DD03P>
    <DD03P>
     <TABNAME>ZPP_MODBOM</TABNAME>
     <FIELDNAME>STLAN</FIELDNAME>
     <POSITION>0003</POSITION>
     <KEYFLAG>X</KEYFLAG>
     <ROLLNAME>STLAN</ROLLNAME>
     <ADMINFIELD>0</ADMINFIELD>
     <NOTNULL>X</NOTNULL>
     <COMPTYPE>E</COMPTYPE>
    </DD03P>
    <DD03P>
     <TABNAME>ZPP_MODBOM</TABNAME>
     <FIELDNAME>DATUM</FIELDNAME>
     <POSITION>0004</POSITION>
     <KEYFLAG>X</KEYFLAG>
     <ROLLNAME>DATUM</ROLLNAME>
     <ADMINFIELD>0</ADMINFIELD>
     <NOTNULL>X</NOTNULL>
     <SHLPORIGIN>T</SHLPORIGIN>
     <COMPTYPE>E</COMPTYPE>
    </DD03P>
    <DD03P>
     <TABNAME>ZPP_MODBOM</TABNAME>
     <FIELDNAME>UZEIT</FIELDNAME>
     <POSITION>0005</POSITION>
     <KEYFLAG>X</KEYFLAG>
     <ROLLNAME>UZEIT</ROLLNAME>
     <ADMINFIELD>0</ADMINFIELD>
     <NOTNULL>X</NOTNULL>
     <SHLPORIGIN>T</SHLPORIGIN>
     <COMPTYPE>E</COMPTYPE>
    </DD03P>
    <DD03P>
     <TABNAME>ZPP_MODBOM</TABNAME>
     <FIELDNAME>MATNR</FIELDNAME>
     <POSITION>0006</POSITION>
     <KEYFLAG>X</KEYFLAG>
     <ROLLNAME>MATNR</ROLLNAME>
     <ADMINFIELD>0</ADMINFIELD>
     <NOTNULL>X</NOTNULL>
     <SHLPORIGIN>D</SHLPORIGIN>
     <COMPTYPE>E</COMPTYPE>
    </DD03P>
    <DD03P>
     <TABNAME>ZPP_MODBOM</TABNAME>
     <FIELDNAME>POSNR</FIELDNAME>
     <POSITION>0007</POSITION>
     <KEYFLAG>X</KEYFLAG>
     <ROLLNAME>SPOSN</ROLLNAME>
     <ADMINFIELD>0</ADMINFIELD>
     <NOTNULL>X</NOTNULL>
     <COMPTYPE>E</COMPTYPE>
    </DD03P>
    <DD03P>
     <TABNAME>ZPP_MODBOM</TABNAME>
     <FIELDNAME>PSPNR</FIELDNAME>
     <POSITION>0008</POSITION>
     <KEYFLAG>X</KEYFLAG>
     <ROLLNAME>CS_PSPNR</ROLLNAME>
     <ADMINFIELD>0</ADMINFIELD>
     <NOTNULL>X</NOTNULL>
     <COMPTYPE>E</COMPTYPE>
    </DD03P>
    <DD03P>
     <TABNAME>ZPP_MODBOM</TABNAME>
     <FIELDNAME>IDNRK</FIELDNAME>
     <POSITION>0009</POSITION>
     <KEYFLAG>X</KEYFLAG>
     <ROLLNAME>IDNRK</ROLLNAME>
     <ADMINFIELD>0</ADMINFIELD>
     <NOTNULL>X</NOTNULL>
     <COMPTYPE>E</COMPTYPE>
    </DD03P>
    <DD03P>
     <TABNAME>ZPP_MODBOM</TABNAME>
     <FIELDNAME>WERKS</FIELDNAME>
     <POSITION>0010</POSITION>
     <KEYFLAG>X</KEYFLAG>
     <ROLLNAME>WERKS_D</ROLLNAME>
     <ADMINFIELD>0</ADMINFIELD>
     <NOTNULL>X</NOTNULL>
     <SHLPORIGIN>D</SHLPORIGIN>
     <COMPTYPE>E</COMPTYPE>
    </DD03P>
    <DD03P>
     <TABNAME>ZPP_MODBOM</TABNAME>
     <FIELDNAME>STLAL</FIELDNAME>
     <POSITION>0011</POSITION>
     <KEYFLAG>X</KEYFLAG>
     <ROLLNAME>STLAL</ROLLNAME>
     <ADMINFIELD>0</ADMINFIELD>
     <NOTNULL>X</NOTNULL>
     <COMPTYPE>E</COMPTYPE>
    </DD03P>
    <DD03P>
     <TABNAME>ZPP_MODBOM</TABNAME>
     <FIELDNAME>VBKZ</FIELDNAME>
     <POSITION>0012</POSITION>
     <KEYFLAG>X</KEYFLAG>
     <ROLLNAME>VBKZ</ROLLNAME>
     <ADMINFIELD>0</ADMINFIELD>
     <NOTNULL>X</NOTNULL>
     <VALEXI>X</VALEXI>
     <SHLPORIGIN>F</SHLPORIGIN>
     <COMPTYPE>E</COMPTYPE>
    </DD03P>
    <DD03P>
     <TABNAME>ZPP_MODBOM</TABNAME>
     <FIELDNAME>OITXT</FIELDNAME>
     <POSITION>0013</POSITION>
     <KEYFLAG>X</KEYFLAG>
     <ROLLNAME>OITXT</ROLLNAME>
     <ADMINFIELD>0</ADMINFIELD>
     <NOTNULL>X</NOTNULL>
     <COMPTYPE>E</COMPTYPE>
    </DD03P>
    <DD03P>
     <TABNAME>ZPP_MODBOM</TABNAME>
     <FIELDNAME>RELSTARTDATE</FIELDNAME>
     <POSITION>0014</POSITION>
     <KEYFLAG>X</KEYFLAG>
     <ROLLNAME>ZPP_PDM_RELSTARTDATE</ROLLNAME>
     <ADMINFIELD>0</ADMINFIELD>
     <NOTNULL>X</NOTNULL>
     <COMPTYPE>E</COMPTYPE>
    </DD03P>
    <DD03P>
     <TABNAME>ZPP_MODBOM</TABNAME>
     <FIELDNAME>RELENDDATE</FIELDNAME>
     <POSITION>0015</POSITION>
     <KEYFLAG>X</KEYFLAG>
     <ROLLNAME>ZPP_PDM_RELENDDATE</ROLLNAME>
     <ADMINFIELD>0</ADMINFIELD>
     <NOTNULL>X</NOTNULL>
     <COMPTYPE>E</COMPTYPE>
    </DD03P>
    <DD03P>
     <TABNAME>ZPP_MODBOM</TABNAME>
     <FIELDNAME>MENGE_OLD</FIELDNAME>
     <POSITION>0016</POSITION>
     <ROLLNAME>KMPMG</ROLLNAME>
     <ADMINFIELD>0</ADMINFIELD>
     <REFTABLE>ZPP_MODBOM</REFTABLE>
     <REFFIELD>MEINS</REFFIELD>
     <COMPTYPE>E</COMPTYPE>
    </DD03P>
    <DD03P>
     <TABNAME>ZPP_MODBOM</TABNAME>
     <FIELDNAME>MENGE_NEW</FIELDNAME>
     <POSITION>0017</POSITION>
     <ROLLNAME>KMPMG</ROLLNAME>
     <ADMINFIELD>0</ADMINFIELD>
     <REFTABLE>ZPP_MODBOM</REFTABLE>
     <REFFIELD>MEINS</REFFIELD>
     <COMPTYPE>E</COMPTYPE>
    </DD03P>
    <DD03P>
     <TABNAME>ZPP_MODBOM</TABNAME>
     <FIELDNAME>RELQTY</FIELDNAME>
     <POSITION>0018</POSITION>
     <ROLLNAME>ZPP_SAP_PDM_RELQTY</ROLLNAME>
     <ADMINFIELD>0</ADMINFIELD>
     <REFTABLE>MARA</REFTABLE>
     <REFFIELD>MEINS</REFFIELD>
     <COMPTYPE>E</COMPTYPE>
    </DD03P>
    <DD03P>
     <TABNAME>ZPP_MODBOM</TABNAME>
     <FIELDNAME>SORTF_OLD</FIELDNAME>
     <POSITION>0019</POSITION>
     <ROLLNAME>SORTP</ROLLNAME>
     <ADMINFIELD>0</ADMINFIELD>
     <COMPTYPE>E</COMPTYPE>
    </DD03P>
    <DD03P>
     <TABNAME>ZPP_MODBOM</TABNAME>
     <FIELDNAME>SORTF_NEW</FIELDNAME>
     <POSITION>0020</POSITION>
     <ROLLNAME>SORTP</ROLLNAME>
     <ADMINFIELD>0</ADMINFIELD>
     <COMPTYPE>E</COMPTYPE>
    </DD03P>
    <DD03P>
     <TABNAME>ZPP_MODBOM</TABNAME>
     <FIELDNAME>MEINS</FIELDNAME>
     <POSITION>0021</POSITION>
     <ROLLNAME>MEINS</ROLLNAME>
     <ADMINFIELD>0</ADMINFIELD>
     <COMPTYPE>E</COMPTYPE>
    </DD03P>
    <DD03P>
     <TABNAME>ZPP_MODBOM</TABNAME>
     <FIELDNAME>UNAME</FIELDNAME>
     <POSITION>0022</POSITION>
     <ROLLNAME>UNAME</ROLLNAME>
     <ADMINFIELD>0</ADMINFIELD>
     <COMPTYPE>E</COMPTYPE>
    </DD03P>
    <DD03P>
     <TABNAME>ZPP_MODBOM</TABNAME>
     <FIELDNAME>TCODE</FIELDNAME>
     <POSITION>0023</POSITION>
     <ROLLNAME>TCODE</ROLLNAME>
     <ADMINFIELD>0</ADMINFIELD>
     <COMPTYPE>E</COMPTYPE>
    </DD03P>
    <DD03P>
     <TABNAME>ZPP_MODBOM</TABNAME>
     <FIELDNAME>ZFLAG1</FIELDNAME>
     <POSITION>0024</POSITION>
     <ROLLNAME>ZFLAG1</ROLLNAME>
     <ADMINFIELD>0</ADMINFIELD>
     <COMPTYPE>E</COMPTYPE>
    </DD03P>
    <DD03P>
     <TABNAME>ZPP_MODBOM</TABNAME>
     <FIELDNAME>ZFLAG2</FIELDNAME>
     <POSITION>0025</POSITION>
     <ROLLNAME>ZFLAG2</ROLLNAME>
     <ADMINFIELD>0</ADMINFIELD>
     <COMPTYPE>E</COMPTYPE>
    </DD03P>
    <DD03P>
     <TABNAME>ZPP_MODBOM</TABNAME>
     <FIELDNAME>ZCOUNTER1</FIELDNAME>
     <POSITION>0026</POSITION>
     <ROLLNAME>ZECTR_COUNTER1</ROLLNAME>
     <ADMINFIELD>0</ADMINFIELD>
     <COMPTYPE>E</COMPTYPE>
    </DD03P>
    <DD03P>
     <TABNAME>ZPP_MODBOM</TABNAME>
     <FIELDNAME>ZCOUNTER2</FIELDNAME>
     <POSITION>0027</POSITION>
     <ROLLNAME>ZECTR_COUNTER2</ROLLNAME>
     <ADMINFIELD>0</ADMINFIELD>
     <COMPTYPE>E</COMPTYPE>
    </DD03P>
    <DD03P>
     <TABNAME>ZPP_MODBOM</TABNAME>
     <FIELDNAME>ZACTION</FIELDNAME>
     <POSITION>0028</POSITION>
     <ROLLNAME>ZECTR_ACTION</ROLLNAME>
     <ADMINFIELD>0</ADMINFIELD>
     <COMPTYPE>E</COMPTYPE>
    </DD03P>
    <DD03P>
     <TABNAME>ZPP_MODBOM</TABNAME>
     <FIELDNAME>ROOTNAMES_CLA</FIELDNAME>
     <POSITION>0029</POSITION>
     <ROLLNAME>ZECTR_ROOTNAMES_CLA</ROLLNAME>
     <ADMINFIELD>0</ADMINFIELD>
     <COMPTYPE>E</COMPTYPE>
    </DD03P>
    <DD03P>
     <TABNAME>ZPP_MODBOM</TABNAME>
     <FIELDNAME>ROOTNAMES_LAT</FIELDNAME>
     <POSITION>0030</POSITION>
     <ROLLNAME>ZECTR_ROOTNAMES_LAT</ROLLNAME>
     <ADMINFIELD>0</ADMINFIELD>
     <COMPTYPE>E</COMPTYPE>
    </DD03P>
   </DD03P_TABLE>
  </asx:values>
 </asx:abap>
</abapGit>
