﻿<?xml version="1.0" encoding="utf-8"?>
<abapGit version="v1.0.0" serializer="LCL_OBJECT_TABL" serializer_version="v1.0.0">
 <asx:abap xmlns:asx="http://www.sap.com/abapxml" version="1.0">
  <asx:values>
   <DD02V>
    <TABNAME>ZPP_PDM_NOR_BOMH</TABNAME>
    <DDLANGUAGE>I</DDLANGUAGE>
    <TABCLASS>TRANSP</TABCLASS>
    <CLIDEP>X</CLIDEP>
    <DDTEXT>Storico ZPP_PDM_NOR_BOM</DDTEXT>
    <MAINFLAG>X</MAINFLAG>
    <CONTFLAG>A</CONTFLAG>
    <EXCLASS>4</EXCLASS>
   </DD02V>
   <DD09L>
    <TABNAME>ZPP_PDM_NOR_BOMH</TABNAME>
    <AS4LOCAL>A</AS4LOCAL>
    <TABKAT>8</TABKAT>
    <TABART>APPL0</TABART>
    <BUFALLOW>N</BUFALLOW>
   </DD09L>
   <DD03P_TABLE>
    <DD03P>
     <TABNAME>ZPP_PDM_NOR_BOMH</TABNAME>
     <FIELDNAME>MANDT</FIELDNAME>
     <POSITION>0001</POSITION>
     <KEYFLAG>X</KEYFLAG>
     <ROLLNAME>MANDT</ROLLNAME>
     <ADMINFIELD>0</ADMINFIELD>
     <NOTNULL>X</NOTNULL>
     <COMPTYPE>E</COMPTYPE>
    </DD03P>
    <DD03P>
     <TABNAME>ZPP_PDM_NOR_BOMH</TABNAME>
     <FIELDNAME>COUNTERH</FIELDNAME>
     <POSITION>0002</POSITION>
     <KEYFLAG>X</KEYFLAG>
     <ROLLNAME>ZPP_COUNTERH</ROLLNAME>
     <ADMINFIELD>0</ADMINFIELD>
     <NOTNULL>X</NOTNULL>
     <COMPTYPE>E</COMPTYPE>
    </DD03P>
    <DD03P>
     <TABNAME>ZPP_PDM_NOR_BOMH</TABNAME>
     <FIELDNAME>PARENTNAME</FIELDNAME>
     <POSITION>0003</POSITION>
     <KEYFLAG>X</KEYFLAG>
     <ROLLNAME>ZPP_PDM_PARENTNAME</ROLLNAME>
     <ADMINFIELD>0</ADMINFIELD>
     <NOTNULL>X</NOTNULL>
     <COMPTYPE>E</COMPTYPE>
    </DD03P>
    <DD03P>
     <TABNAME>ZPP_PDM_NOR_BOMH</TABNAME>
     <FIELDNAME>CHILDNAME</FIELDNAME>
     <POSITION>0004</POSITION>
     <KEYFLAG>X</KEYFLAG>
     <ROLLNAME>ZPP_PDM_CHILDNAME</ROLLNAME>
     <ADMINFIELD>0</ADMINFIELD>
     <NOTNULL>X</NOTNULL>
     <COMPTYPE>E</COMPTYPE>
    </DD03P>
    <DD03P>
     <TABNAME>ZPP_PDM_NOR_BOMH</TABNAME>
     <FIELDNAME>ROOTNAME</FIELDNAME>
     <POSITION>0005</POSITION>
     <KEYFLAG>X</KEYFLAG>
     <ROLLNAME>ZPP_PDM_ROOTNAME</ROLLNAME>
     <ADMINFIELD>0</ADMINFIELD>
     <NOTNULL>X</NOTNULL>
     <COMPTYPE>E</COMPTYPE>
    </DD03P>
    <DD03P>
     <TABNAME>ZPP_PDM_NOR_BOMH</TABNAME>
     <FIELDNAME>RELSTARTDATE</FIELDNAME>
     <POSITION>0006</POSITION>
     <KEYFLAG>X</KEYFLAG>
     <ROLLNAME>ZPP_PDM_RELSTARTDATE</ROLLNAME>
     <ADMINFIELD>0</ADMINFIELD>
     <NOTNULL>X</NOTNULL>
     <COMPTYPE>E</COMPTYPE>
    </DD03P>
    <DD03P>
     <TABNAME>ZPP_PDM_NOR_BOMH</TABNAME>
     <FIELDNAME>RELENDDATE</FIELDNAME>
     <POSITION>0007</POSITION>
     <KEYFLAG>X</KEYFLAG>
     <ROLLNAME>ZPP_PDM_RELENDDATE</ROLLNAME>
     <ADMINFIELD>0</ADMINFIELD>
     <NOTNULL>X</NOTNULL>
     <COMPTYPE>E</COMPTYPE>
    </DD03P>
    <DD03P>
     <TABNAME>ZPP_PDM_NOR_BOMH</TABNAME>
     <FIELDNAME>RELPOS</FIELDNAME>
     <POSITION>0008</POSITION>
     <ROLLNAME>ZPP_PDM_RELPOS</ROLLNAME>
     <ADMINFIELD>0</ADMINFIELD>
     <COMPTYPE>E</COMPTYPE>
    </DD03P>
    <DD03P>
     <TABNAME>ZPP_PDM_NOR_BOMH</TABNAME>
     <FIELDNAME>RELQTY</FIELDNAME>
     <POSITION>0009</POSITION>
     <ROLLNAME>ZPP_SAP_PDM_RELQTY</ROLLNAME>
     <ADMINFIELD>0</ADMINFIELD>
     <REFTABLE>MARA</REFTABLE>
     <REFFIELD>MEINS</REFFIELD>
     <COMPTYPE>E</COMPTYPE>
    </DD03P>
    <DD03P>
     <TABNAME>ZPP_PDM_NOR_BOMH</TABNAME>
     <FIELDNAME>POSID</FIELDNAME>
     <POSITION>0010</POSITION>
     <ROLLNAME>PS_POSID</ROLLNAME>
     <ADMINFIELD>0</ADMINFIELD>
     <COMPTYPE>E</COMPTYPE>
    </DD03P>
    <DD03P>
     <TABNAME>ZPP_PDM_NOR_BOMH</TABNAME>
     <FIELDNAME>STATO</FIELDNAME>
     <POSITION>0011</POSITION>
     <ROLLNAME>/SDF/STATUS</ROLLNAME>
     <ADMINFIELD>0</ADMINFIELD>
     <COMPTYPE>E</COMPTYPE>
    </DD03P>
    <DD03P>
     <TABNAME>ZPP_PDM_NOR_BOMH</TABNAME>
     <FIELDNAME>ELABORATO</FIELDNAME>
     <POSITION>0012</POSITION>
     <ROLLNAME>ZPP_ELABORATO</ROLLNAME>
     <ADMINFIELD>0</ADMINFIELD>
     <VALEXI>X</VALEXI>
     <SHLPORIGIN>F</SHLPORIGIN>
     <COMPTYPE>E</COMPTYPE>
    </DD03P>
    <DD03P>
     <TABNAME>ZPP_PDM_NOR_BOMH</TABNAME>
     <FIELDNAME>ZCOUNTER1</FIELDNAME>
     <POSITION>0013</POSITION>
     <ROLLNAME>ZECTR_COUNTER1</ROLLNAME>
     <ADMINFIELD>0</ADMINFIELD>
     <COMPTYPE>E</COMPTYPE>
    </DD03P>
    <DD03P>
     <TABNAME>ZPP_PDM_NOR_BOMH</TABNAME>
     <FIELDNAME>ZCOUNTER2</FIELDNAME>
     <POSITION>0014</POSITION>
     <ROLLNAME>ZECTR_COUNTER2</ROLLNAME>
     <ADMINFIELD>0</ADMINFIELD>
     <COMPTYPE>E</COMPTYPE>
    </DD03P>
    <DD03P>
     <TABNAME>ZPP_PDM_NOR_BOMH</TABNAME>
     <FIELDNAME>ZACTION</FIELDNAME>
     <POSITION>0015</POSITION>
     <ROLLNAME>ZECTR_ACTION</ROLLNAME>
     <ADMINFIELD>0</ADMINFIELD>
     <COMPTYPE>E</COMPTYPE>
    </DD03P>
    <DD03P>
     <TABNAME>ZPP_PDM_NOR_BOMH</TABNAME>
     <FIELDNAME>AENNR</FIELDNAME>
     <POSITION>0016</POSITION>
     <ROLLNAME>AENNR</ROLLNAME>
     <ADMINFIELD>0</ADMINFIELD>
     <COMPTYPE>E</COMPTYPE>
    </DD03P>
    <DD03P>
     <TABNAME>ZPP_PDM_NOR_BOMH</TABNAME>
     <FIELDNAME>ZSEND</FIELDNAME>
     <POSITION>0017</POSITION>
     <ROLLNAME>ZECTR_SEND</ROLLNAME>
     <ADMINFIELD>0</ADMINFIELD>
     <COMPTYPE>E</COMPTYPE>
    </DD03P>
   </DD03P_TABLE>
   <DD12V>
    <DD12V>
     <SQLTAB>ZPP_PDM_NOR_BOMH</SQLTAB>
     <INDEXNAME>001</INDEXNAME>
     <AS4LOCAL>A</AS4LOCAL>
     <DDLANGUAGE>I</DDLANGUAGE>
     <DDTEXT>Indice per campo elaborato</DDTEXT>
    </DD12V>
   </DD12V>
   <DD17V>
    <DD17V>
     <SQLTAB>ZPP_PDM_NOR_BOMH</SQLTAB>
     <INDEXNAME>001</INDEXNAME>
     <POSITION>0001</POSITION>
     <AS4LOCAL>A</AS4LOCAL>
     <FIELDNAME>ELABORATO</FIELDNAME>
    </DD17V>
   </DD17V>
  </asx:values>
 </asx:abap>
</abapGit>
