﻿<?xml version="1.0" encoding="utf-8"?>
<abapGit version="v1.0.0" serializer="LCL_OBJECT_DOMA" serializer_version="v1.0.0">
 <asx:abap xmlns:asx="http://www.sap.com/abapxml" version="1.0">
  <asx:values>
   <DD01V>
    <DOMNAME>ZPP_ECTR_TIPO</DOMNAME>
    <DDLANGUAGE>I</DDLANGUAGE>
    <DATATYPE>CHAR</DATATYPE>
    <LENG>000001</LENG>
    <OUTPUTLEN>000001</OUTPUTLEN>
    <VALEXI>X</VALEXI>
    <DDTEXT>Tipologia</DDTEXT>
   </DD01V>
   <DD07V_TAB>
    <DD07V>
     <DOMNAME>ZPP_ECTR_TIPO</DOMNAME>
     <VALPOS>0001</VALPOS>
     <DDLANGUAGE>I</DDLANGUAGE>
     <DOMVALUE_L>C</DOMVALUE_L>
     <DDTEXT>Conveyor</DDTEXT>
    </DD07V>
    <DD07V>
     <DOMNAME>ZPP_ECTR_TIPO</DOMNAME>
     <VALPOS>0002</VALPOS>
     <DDLANGUAGE>I</DDLANGUAGE>
     <DOMVALUE_L>F</DOMVALUE_L>
     <DDTEXT>Filling</DDTEXT>
    </DD07V>
    <DD07V>
     <DOMNAME>ZPP_ECTR_TIPO</DOMNAME>
     <VALPOS>0003</VALPOS>
     <DDLANGUAGE>I</DDLANGUAGE>
     <DOMVALUE_L>L</DOMVALUE_L>
     <DDTEXT>Labeling</DDTEXT>
    </DD07V>
    <DD07V>
     <DOMNAME>ZPP_ECTR_TIPO</DOMNAME>
     <VALPOS>0004</VALPOS>
     <DDLANGUAGE>I</DDLANGUAGE>
     <DOMVALUE_L>P</DOMVALUE_L>
     <DDTEXT>Packaging</DDTEXT>
    </DD07V>
   </DD07V_TAB>
  </asx:values>
 </asx:abap>
</abapGit>
