﻿<?xml version="1.0" encoding="utf-8"?>
<abapGit version="v1.0.0" serializer="LCL_OBJECT_TRAN" serializer_version="v1.0.0">
 <asx:abap xmlns:asx="http://www.sap.com/abapxml" version="1.0">
  <asx:values>
   <TSTC>
    <TCODE>ZPPP_ECTR_DATA_LOAD</TCODE>
    <PGMNA>ZPPP_ECTR_DATA_LOAD</PGMNA>
    <DYPNO>1000</DYPNO>
    <CINFO>gA==</CINFO>
   </TSTC>
   <TSTCC>
    <TCODE>ZPPP_ECTR_DATA_LOAD</TCODE>
   </TSTCC>
   <TSTCT>
    <SPRSL>I</SPRSL>
    <TCODE>ZPPP_ECTR_DATA_LOAD</TCODE>
    <TTEXT>Caricamento dati</TTEXT>
   </TSTCT>
  </asx:values>
 </asx:abap>
</abapGit>
