﻿<?xml version="1.0" encoding="utf-8"?>
<abapGit version="v1.0.0" serializer="LCL_OBJECT_MSAG" serializer_version="v1.0.0">
 <asx:abap xmlns:asx="http://www.sap.com/abapxml" version="1.0">
  <asx:values>
   <T100A>
    <ARBGB>ZPPP_ECTR</ARBGB>
    <MASTERLANG>I</MASTERLANG>
    <STEXT>Classe messaggi ECTR</STEXT>
   </T100A>
   <T100>
    <T100>
     <SPRSL>I</SPRSL>
     <ARBGB>ZPPP_ECTR</ARBGB>
     <MSGNR>000</MSGNR>
     <TEXT>&amp; &amp; &amp; &amp;</TEXT>
    </T100>
    <T100>
     <SPRSL>I</SPRSL>
     <ARBGB>ZPPP_ECTR</ARBGB>
     <MSGNR>001</MSGNR>
     <TEXT>Valorizzare tipologia</TEXT>
    </T100>
    <T100>
     <SPRSL>I</SPRSL>
     <ARBGB>ZPPP_ECTR</ARBGB>
     <MSGNR>002</MSGNR>
     <TEXT>Valorizzare ambito</TEXT>
    </T100>
    <T100>
     <SPRSL>I</SPRSL>
     <ARBGB>ZPPP_ECTR</ARBGB>
     <MSGNR>003</MSGNR>
     <TEXT>Valorizzare descrizione materiale</TEXT>
    </T100>
    <T100>
     <SPRSL>I</SPRSL>
     <ARBGB>ZPPP_ECTR</ARBGB>
     <MSGNR>004</MSGNR>
     <TEXT>Valorizzare gruppo merci</TEXT>
    </T100>
    <T100>
     <SPRSL>I</SPRSL>
     <ARBGB>ZPPP_ECTR</ARBGB>
     <MSGNR>005</MSGNR>
     <TEXT>Valorizzare unità di misura</TEXT>
    </T100>
    <T100>
     <SPRSL>I</SPRSL>
     <ARBGB>ZPPP_ECTR</ARBGB>
     <MSGNR>006</MSGNR>
     <TEXT>Gruppo merci &amp; inesistente</TEXT>
    </T100>
    <T100>
     <SPRSL>I</SPRSL>
     <ARBGB>ZPPP_ECTR</ARBGB>
     <MSGNR>007</MSGNR>
     <TEXT>Descr. Tipologia materiale &amp; inesistente in lingua &amp;</TEXT>
    </T100>
    <T100>
     <SPRSL>I</SPRSL>
     <ARBGB>ZPPP_ECTR</ARBGB>
     <MSGNR>008</MSGNR>
     <TEXT>Tipologia &amp; non gestita (consentito L, F, P o C)</TEXT>
    </T100>
    <T100>
     <SPRSL>I</SPRSL>
     <ARBGB>ZPPP_ECTR</ARBGB>
     <MSGNR>009</MSGNR>
     <TEXT>Ambito &amp; non gestito (consentito 8, 5 o X)</TEXT>
    </T100>
    <T100>
     <SPRSL>I</SPRSL>
     <ARBGB>ZPPP_ECTR</ARBGB>
     <MSGNR>010</MSGNR>
     <TEXT>Impossibile determinare il range per il materiale</TEXT>
    </T100>
    <T100>
     <SPRSL>I</SPRSL>
     <ARBGB>ZPPP_ECTR</ARBGB>
     <MSGNR>011</MSGNR>
     <TEXT>Range esaurito. Avvisare l&apos;amministratore di sistema.</TEXT>
    </T100>
    <T100>
     <SPRSL>I</SPRSL>
     <ARBGB>ZPPP_ECTR</ARBGB>
     <MSGNR>012</MSGNR>
     <TEXT>Unità di misura &amp; inesistente</TEXT>
    </T100>
    <T100>
     <SPRSL>I</SPRSL>
     <ARBGB>ZPPP_ECTR</ARBGB>
     <MSGNR>013</MSGNR>
     <TEXT>Unità di peso &amp; inesistente</TEXT>
    </T100>
    <T100>
     <SPRSL>I</SPRSL>
     <ARBGB>ZPPP_ECTR</ARBGB>
     <MSGNR>014</MSGNR>
     <TEXT>Unità di volume &amp; inesistente</TEXT>
    </T100>
    <T100>
     <SPRSL>I</SPRSL>
     <ARBGB>ZPPP_ECTR</ARBGB>
     <MSGNR>015</MSGNR>
     <TEXT>Creato materiale &amp;</TEXT>
    </T100>
    <T100>
     <SPRSL>I</SPRSL>
     <ARBGB>ZPPP_ECTR</ARBGB>
     <MSGNR>016</MSGNR>
     <TEXT>Esecuzione test. Nessun file creato.</TEXT>
    </T100>
    <T100>
     <SPRSL>I</SPRSL>
     <ARBGB>ZPPP_ECTR</ARBGB>
     <MSGNR>017</MSGNR>
     <TEXT>Non è stato possibile creare il file.</TEXT>
    </T100>
    <T100>
     <SPRSL>I</SPRSL>
     <ARBGB>ZPPP_ECTR</ARBGB>
     <MSGNR>018</MSGNR>
     <TEXT>Stato numero di modifica 5* non trovato.</TEXT>
    </T100>
    <T100>
     <SPRSL>I</SPRSL>
     <ARBGB>ZPPP_ECTR</ARBGB>
     <MSGNR>019</MSGNR>
     <TEXT>Nessun dato da elaborare</TEXT>
    </T100>
    <T100>
     <SPRSL>I</SPRSL>
     <ARBGB>ZPPP_ECTR</ARBGB>
     <MSGNR>020</MSGNR>
     <TEXT>Esecuzione test. Nessun dato acquisito.</TEXT>
    </T100>
    <T100>
     <SPRSL>I</SPRSL>
     <ARBGB>ZPPP_ECTR</ARBGB>
     <MSGNR>021</MSGNR>
     <TEXT>Valorizzare divisione</TEXT>
    </T100>
    <T100>
     <SPRSL>I</SPRSL>
     <ARBGB>ZPPP_ECTR</ARBGB>
     <MSGNR>022</MSGNR>
     <TEXT>Valorizzare materiale</TEXT>
    </T100>
    <T100>
     <SPRSL>I</SPRSL>
     <ARBGB>ZPPP_ECTR</ARBGB>
     <MSGNR>023</MSGNR>
     <TEXT>Divisione &amp; inesistente</TEXT>
    </T100>
    <T100>
     <SPRSL>I</SPRSL>
     <ARBGB>ZPPP_ECTR</ARBGB>
     <MSGNR>024</MSGNR>
     <TEXT>Materiale &amp; inesistente</TEXT>
    </T100>
    <T100>
     <SPRSL>I</SPRSL>
     <ARBGB>ZPPP_ECTR</ARBGB>
     <MSGNR>025</MSGNR>
     <TEXT>Materiale &amp; non definito su div. &amp;</TEXT>
    </T100>
    <T100>
     <SPRSL>I</SPRSL>
     <ARBGB>ZPPP_ECTR</ARBGB>
     <MSGNR>026</MSGNR>
     <TEXT>Impiego materiale &amp; non esiste</TEXT>
    </T100>
    <T100>
     <SPRSL>I</SPRSL>
     <ARBGB>ZPPP_ECTR</ARBGB>
     <MSGNR>027</MSGNR>
     <TEXT>Valorizzare tabella BOM</TEXT>
    </T100>
    <T100>
     <SPRSL>I</SPRSL>
     <ARBGB>ZPPP_ECTR</ARBGB>
     <MSGNR>028</MSGNR>
     <TEXT>Componente &amp; inesistente</TEXT>
    </T100>
    <T100>
     <SPRSL>I</SPRSL>
     <ARBGB>ZPPP_ECTR</ARBGB>
     <MSGNR>029</MSGNR>
     <TEXT>Componente &amp; non definito su div. &amp;</TEXT>
    </T100>
    <T100>
     <SPRSL>I</SPRSL>
     <ARBGB>ZPPP_ECTR</ARBGB>
     <MSGNR>030</MSGNR>
     <TEXT>Valorizzare Rootname</TEXT>
    </T100>
    <T100>
     <SPRSL>I</SPRSL>
     <ARBGB>ZPPP_ECTR</ARBGB>
     <MSGNR>031</MSGNR>
     <TEXT>Rootname &amp; inesistente</TEXT>
    </T100>
    <T100>
     <SPRSL>I</SPRSL>
     <ARBGB>ZPPP_ECTR</ARBGB>
     <MSGNR>032</MSGNR>
     <TEXT>Rottname &amp; non definito su div. &amp;</TEXT>
    </T100>
    <T100>
     <SPRSL>I</SPRSL>
     <ARBGB>ZPPP_ECTR</ARBGB>
     <MSGNR>033</MSGNR>
     <TEXT>Gruppo merci &amp; non coerente con tipologia &amp;</TEXT>
    </T100>
    <T100>
     <SPRSL>I</SPRSL>
     <ARBGB>ZPPP_ECTR</ARBGB>
     <MSGNR>034</MSGNR>
     <TEXT>Material &amp; già esistente</TEXT>
    </T100>
    <T100>
     <SPRSL>I</SPRSL>
     <ARBGB>ZPPP_ECTR</ARBGB>
     <MSGNR>035</MSGNR>
     <TEXT>Errore creazione BOM</TEXT>
    </T100>
    <T100>
     <SPRSL>I</SPRSL>
     <ARBGB>ZPPP_ECTR</ARBGB>
     <MSGNR>036</MSGNR>
     <TEXT>Errore cancellazione BOM</TEXT>
    </T100>
    <T100>
     <SPRSL>I</SPRSL>
     <ARBGB>ZPPP_ECTR</ARBGB>
     <MSGNR>037</MSGNR>
     <TEXT>Errore modifica BOM</TEXT>
    </T100>
    <T100>
     <SPRSL>I</SPRSL>
     <ARBGB>ZPPP_ECTR</ARBGB>
     <MSGNR>038</MSGNR>
     <TEXT>Valorizzare livello di revisione</TEXT>
    </T100>
    <T100>
     <SPRSL>I</SPRSL>
     <ARBGB>ZPPP_ECTR</ARBGB>
     <MSGNR>039</MSGNR>
     <TEXT>Padre BOM non univoco</TEXT>
    </T100>
    <T100>
     <SPRSL>I</SPRSL>
     <ARBGB>ZPPP_ECTR</ARBGB>
     <MSGNR>040</MSGNR>
     <TEXT>Valorizzare WBS</TEXT>
    </T100>
    <T100>
     <SPRSL>I</SPRSL>
     <ARBGB>ZPPP_ECTR</ARBGB>
     <MSGNR>041</MSGNR>
     <TEXT>Non è stato possibile determinare il codice della macchina</TEXT>
    </T100>
    <T100>
     <SPRSL>I</SPRSL>
     <ARBGB>ZPPP_ECTR</ARBGB>
     <MSGNR>042</MSGNR>
     <TEXT>Normalizzatore bloccato dall&apos;utente &amp;</TEXT>
    </T100>
    <T100>
     <SPRSL>I</SPRSL>
     <ARBGB>ZPPP_ECTR</ARBGB>
     <MSGNR>043</MSGNR>
     <TEXT>Descr. Tipologia mat. obbligatorio per ambito &amp;</TEXT>
    </T100>
    <T100>
     <SPRSL>I</SPRSL>
     <ARBGB>ZPPP_ECTR</ARBGB>
     <MSGNR>044</MSGNR>
     <TEXT>Tipologia &amp; non coerente con gr. merci &amp;</TEXT>
    </T100>
    <T100>
     <SPRSL>I</SPRSL>
     <ARBGB>ZPPP_ECTR</ARBGB>
     <MSGNR>045</MSGNR>
     <TEXT>Valorizzare materiale</TEXT>
    </T100>
    <T100>
     <SPRSL>I</SPRSL>
     <ARBGB>ZPPP_ECTR</ARBGB>
     <MSGNR>046</MSGNR>
     <TEXT>Materiale &amp; non definito</TEXT>
    </T100>
    <T100>
     <SPRSL>I</SPRSL>
     <ARBGB>ZPPP_ECTR</ARBGB>
     <MSGNR>047</MSGNR>
     <TEXT>Materiale &amp; non usato</TEXT>
    </T100>
    <T100>
     <SPRSL>I</SPRSL>
     <ARBGB>ZPPP_ECTR</ARBGB>
     <MSGNR>048</MSGNR>
     <TEXT>ECTR to SAP bloccato dall&apos;utente &amp;</TEXT>
    </T100>
    <T100>
     <SPRSL>I</SPRSL>
     <ARBGB>ZPPP_ECTR</ARBGB>
     <MSGNR>049</MSGNR>
     <TEXT>Roootname non univoco per Wbs &amp;</TEXT>
    </T100>
    <T100>
     <SPRSL>I</SPRSL>
     <ARBGB>ZPPP_ECTR</ARBGB>
     <MSGNR>050</MSGNR>
     <TEXT>Nessun rootname per wbs &amp;</TEXT>
    </T100>
    <T100>
     <SPRSL>I</SPRSL>
     <ARBGB>ZPPP_ECTR</ARBGB>
     <MSGNR>999</MSGNR>
     <TEXT>Errore inaspettato</TEXT>
    </T100>
   </T100>
  </asx:values>
 </asx:abap>
</abapGit>
