﻿<?xml version="1.0" encoding="utf-8"?>
<abapGit version="v1.0.0" serializer="LCL_OBJECT_FUGR" serializer_version="v1.0.0">
 <asx:abap xmlns:asx="http://www.sap.com/abapxml" version="1.0">
  <asx:values>
   <AREAT>Gruppo funzioni per ECTR</AREAT>
   <INCLUDES>
    <SOBJ_NAME>LZPPP_ECTRD01</SOBJ_NAME>
    <SOBJ_NAME>LZPPP_ECTRP01</SOBJ_NAME>
    <SOBJ_NAME>LZPPP_ECTRTOP</SOBJ_NAME>
    <SOBJ_NAME>SAPLZPPP_ECTR</SOBJ_NAME>
   </INCLUDES>
   <FUNCTIONS>
    <item>
     <FUNCNAME>Z_DOC_ECTR_TO_SAP</FUNCNAME>
     <REMOTE_CALL>R</REMOTE_CALL>
     <SHORT_TEXT>Passaggio documento da ECTR a SAP</SHORT_TEXT>
     <IMPORT>
      <RSIMP>
       <PARAMETER>DOCUMENTTYPE</PARAMETER>
       <TYP>DOKAR</TYP>
      </RSIMP>
      <RSIMP>
       <PARAMETER>DOCUMENTNUMBER</PARAMETER>
       <TYP>DOKNR</TYP>
      </RSIMP>
      <RSIMP>
       <PARAMETER>DOCUMENTVERSION</PARAMETER>
       <TYP>DOKVR</TYP>
      </RSIMP>
      <RSIMP>
       <PARAMETER>DOCUMENTPART</PARAMETER>
       <TYP>DOKTL_D</TYP>
      </RSIMP>
     </IMPORT>
     <DOCUMENTATION>
      <RSFDO>
       <PARAMETER>DOCUMENTTYPE</PARAMETER>
       <KIND>P</KIND>
       <STEXT>Tipo documento</STEXT>
       <INDEX> 001</INDEX>
      </RSFDO>
      <RSFDO>
       <PARAMETER>DOCUMENTNUMBER</PARAMETER>
       <KIND>P</KIND>
       <STEXT>N. documento</STEXT>
       <INDEX> 002</INDEX>
      </RSFDO>
      <RSFDO>
       <PARAMETER>DOCUMENTVERSION</PARAMETER>
       <KIND>P</KIND>
       <STEXT>Versione documento</STEXT>
       <INDEX> 003</INDEX>
      </RSFDO>
      <RSFDO>
       <PARAMETER>DOCUMENTPART</PARAMETER>
       <KIND>P</KIND>
       <STEXT>Sottodocumento</STEXT>
       <INDEX> 004</INDEX>
      </RSFDO>
     </DOCUMENTATION>
    </item>
    <item>
     <FUNCNAME>Z_MAT_ECTR</FUNCNAME>
     <REMOTE_CALL>R</REMOTE_CALL>
     <SHORT_TEXT>Passaggio documento da ECTR a SAP</SHORT_TEXT>
     <IMPORT>
      <RSIMP>
       <PARAMETER>DOCUMENTTYPE</PARAMETER>
       <TYP>DOKAR</TYP>
      </RSIMP>
      <RSIMP>
       <PARAMETER>DOCUMENTNUMBER</PARAMETER>
       <TYP>DOKNR</TYP>
      </RSIMP>
      <RSIMP>
       <PARAMETER>DOCUMENTVERSION</PARAMETER>
       <TYP>DOKVR</TYP>
      </RSIMP>
      <RSIMP>
       <PARAMETER>DOCUMENTPART</PARAMETER>
       <TYP>DOKTL_D</TYP>
      </RSIMP>
     </IMPORT>
     <TABLES>
      <RSTBL>
       <PARAMETER>RETURN</PARAMETER>
       <DBSTRUCT>BAPIRET2</DBSTRUCT>
       <OPTIONAL>X</OPTIONAL>
      </RSTBL>
     </TABLES>
     <DOCUMENTATION>
      <RSFDO>
       <PARAMETER>DOCUMENTTYPE</PARAMETER>
       <KIND>P</KIND>
       <STEXT>Tipo documento</STEXT>
       <INDEX> 001</INDEX>
      </RSFDO>
      <RSFDO>
       <PARAMETER>DOCUMENTNUMBER</PARAMETER>
       <KIND>P</KIND>
       <STEXT>N. documento</STEXT>
       <INDEX> 002</INDEX>
      </RSFDO>
      <RSFDO>
       <PARAMETER>DOCUMENTVERSION</PARAMETER>
       <KIND>P</KIND>
       <STEXT>Versione documento</STEXT>
       <INDEX> 003</INDEX>
      </RSFDO>
      <RSFDO>
       <PARAMETER>DOCUMENTPART</PARAMETER>
       <KIND>P</KIND>
       <STEXT>Sottodocumento</STEXT>
       <INDEX> 004</INDEX>
      </RSFDO>
      <RSFDO>
       <PARAMETER>RETURN</PARAMETER>
       <KIND>P</KIND>
       <STEXT>Parametri di ritorno</STEXT>
       <INDEX> 005</INDEX>
      </RSFDO>
     </DOCUMENTATION>
    </item>
    <item>
     <FUNCNAME>Z_MMM_ECTR_MM01</FUNCNAME>
     <SHORT_TEXT>Creazione materiali 8* e 5* tutte le view</SHORT_TEXT>
     <IMPORT>
      <RSIMP>
       <PARAMETER>IV_TIPOLOGIA</PARAMETER>
       <OPTIONAL>X</OPTIONAL>
       <TYP>ZPP_ECTR_TIPO</TYP>
      </RSIMP>
      <RSIMP>
       <PARAMETER>IV_AMBITO</PARAMETER>
       <OPTIONAL>X</OPTIONAL>
       <TYP>ZPP_ECTR_AMB</TYP>
      </RSIMP>
      <RSIMP>
       <PARAMETER>IV_MAKTX</PARAMETER>
       <OPTIONAL>X</OPTIONAL>
       <TYP>MAKT-MAKTX</TYP>
      </RSIMP>
      <RSIMP>
       <PARAMETER>IV_MAKTX2</PARAMETER>
       <OPTIONAL>X</OPTIONAL>
       <TYP>MAKT-MAKTX</TYP>
      </RSIMP>
      <RSIMP>
       <PARAMETER>IV_MATKL</PARAMETER>
       <OPTIONAL>X</OPTIONAL>
       <TYP>MARA-MATKL</TYP>
      </RSIMP>
      <RSIMP>
       <PARAMETER>IV_MEINS</PARAMETER>
       <OPTIONAL>X</OPTIONAL>
       <TYP>MARA-MEINS</TYP>
      </RSIMP>
      <RSIMP>
       <PARAMETER>IV_BRGEW</PARAMETER>
       <OPTIONAL>X</OPTIONAL>
       <TYP>MARA-BRGEW</TYP>
      </RSIMP>
      <RSIMP>
       <PARAMETER>IV_NTGEW</PARAMETER>
       <OPTIONAL>X</OPTIONAL>
       <TYP>MARA-NTGEW</TYP>
      </RSIMP>
      <RSIMP>
       <PARAMETER>IV_GEWEI</PARAMETER>
       <DEFAULT>&apos;g&apos;</DEFAULT>
       <OPTIONAL>X</OPTIONAL>
       <TYP>MARA-GEWEI</TYP>
      </RSIMP>
      <RSIMP>
       <PARAMETER>IV_VOLUM</PARAMETER>
       <OPTIONAL>X</OPTIONAL>
       <TYP>MARA-VOLUM</TYP>
      </RSIMP>
      <RSIMP>
       <PARAMETER>IV_VOLEH</PARAMETER>
       <OPTIONAL>X</OPTIONAL>
       <TYP>MARA-VOLEH</TYP>
      </RSIMP>
      <RSIMP>
       <PARAMETER>IV_LAENG</PARAMETER>
       <OPTIONAL>X</OPTIONAL>
       <TYP>MARA-LAENG</TYP>
      </RSIMP>
      <RSIMP>
       <PARAMETER>IV_HOEHE</PARAMETER>
       <OPTIONAL>X</OPTIONAL>
       <TYP>MARA-HOEHE</TYP>
      </RSIMP>
      <RSIMP>
       <PARAMETER>IV_BREIT</PARAMETER>
       <OPTIONAL>X</OPTIONAL>
       <TYP>MARA-BREIT</TYP>
      </RSIMP>
      <RSIMP>
       <PARAMETER>IV_MEABM</PARAMETER>
       <OPTIONAL>X</OPTIONAL>
       <TYP>MARA-MEABM</TYP>
      </RSIMP>
      <RSIMP>
       <PARAMETER>IV_ZZMATERIAL_DESCR</PARAMETER>
       <OPTIONAL>X</OPTIONAL>
       <TYP>ZMM_MATERIAL_T-ZZMATERIAL_DESCR</TYP>
      </RSIMP>
      <RSIMP>
       <PARAMETER>IS_DOCUMENT</PARAMETER>
       <OPTIONAL>X</OPTIONAL>
       <TYP>BAPI_DOC_KEYS</TYP>
      </RSIMP>
     </IMPORT>
     <EXPORT>
      <RSEXP>
       <PARAMETER>EV_MATNR</PARAMETER>
       <TYP>MATNR</TYP>
      </RSEXP>
      <RSEXP>
       <PARAMETER>EV_ESITO</PARAMETER>
       <TYP>ZDBC_ESITO</TYP>
      </RSEXP>
      <RSEXP>
       <PARAMETER>EV_DESCR_ESITO</PARAMETER>
       <TYP>ZDBC_DESCR_ESITO</TYP>
      </RSEXP>
     </EXPORT>
     <DOCUMENTATION>
      <RSFDO>
       <PARAMETER>IV_TIPOLOGIA</PARAMETER>
       <KIND>P</KIND>
       <STEXT>Assume valori solo nell&apos;insieme: L, F, P, C</STEXT>
       <INDEX> 001</INDEX>
      </RSFDO>
      <RSFDO>
       <PARAMETER>IV_AMBITO</PARAMETER>
       <KIND>P</KIND>
       <STEXT>Assume valori solo nell&apos;insieme: 8 o 5</STEXT>
       <INDEX> 002</INDEX>
      </RSFDO>
      <RSFDO>
       <PARAMETER>IV_MAKTX</PARAMETER>
       <KIND>P</KIND>
       <STEXT>Descrizione materiale</STEXT>
       <INDEX> 003</INDEX>
      </RSFDO>
      <RSFDO>
       <PARAMETER>IV_MAKTX2</PARAMETER>
       <KIND>P</KIND>
       <STEXT>Descrizione materiale estesa, 2° riga del testo breve materiale</STEXT>
       <INDEX> 004</INDEX>
      </RSFDO>
      <RSFDO>
       <PARAMETER>IV_MATKL</PARAMETER>
       <KIND>P</KIND>
       <STEXT>Gruppo merci</STEXT>
       <INDEX> 005</INDEX>
      </RSFDO>
      <RSFDO>
       <PARAMETER>IV_MEINS</PARAMETER>
       <KIND>P</KIND>
       <STEXT>Unità di misura di base</STEXT>
       <INDEX> 006</INDEX>
      </RSFDO>
      <RSFDO>
       <PARAMETER>IV_BRGEW</PARAMETER>
       <KIND>P</KIND>
       <STEXT>Peso lordo</STEXT>
       <INDEX> 007</INDEX>
      </RSFDO>
      <RSFDO>
       <PARAMETER>IV_NTGEW</PARAMETER>
       <KIND>P</KIND>
       <STEXT>Peso netto</STEXT>
       <INDEX> 008</INDEX>
      </RSFDO>
      <RSFDO>
       <PARAMETER>IV_GEWEI</PARAMETER>
       <KIND>P</KIND>
       <STEXT>Unità di peso</STEXT>
       <INDEX> 009</INDEX>
      </RSFDO>
      <RSFDO>
       <PARAMETER>IV_VOLUM</PARAMETER>
       <KIND>P</KIND>
       <STEXT>Volume di ingombro</STEXT>
       <INDEX> 010</INDEX>
      </RSFDO>
      <RSFDO>
       <PARAMETER>IV_VOLEH</PARAMETER>
       <KIND>P</KIND>
       <STEXT>Unità di volume</STEXT>
       <INDEX> 011</INDEX>
      </RSFDO>
      <RSFDO>
       <PARAMETER>IV_LAENG</PARAMETER>
       <KIND>P</KIND>
       <STEXT>Lunghezza</STEXT>
       <INDEX> 012</INDEX>
      </RSFDO>
      <RSFDO>
       <PARAMETER>IV_HOEHE</PARAMETER>
       <KIND>P</KIND>
       <STEXT>Altezza</STEXT>
       <INDEX> 013</INDEX>
      </RSFDO>
      <RSFDO>
       <PARAMETER>IV_BREIT</PARAMETER>
       <KIND>P</KIND>
       <STEXT>Larghezza</STEXT>
       <INDEX> 014</INDEX>
      </RSFDO>
      <RSFDO>
       <PARAMETER>IV_MEABM</PARAMETER>
       <KIND>P</KIND>
       <STEXT>Unità di misura per lungh./largh./altezza</STEXT>
       <INDEX> 015</INDEX>
      </RSFDO>
      <RSFDO>
       <PARAMETER>IV_ZZMATERIAL_DESCR</PARAMETER>
       <KIND>P</KIND>
       <STEXT>Descrizione Tipologia materiale</STEXT>
       <INDEX> 016</INDEX>
      </RSFDO>
      <RSFDO>
       <PARAMETER>IS_DOCUMENT</PARAMETER>
       <KIND>P</KIND>
       <STEXT>BAPIS-DVS: Chiave documenti</STEXT>
       <INDEX> 017</INDEX>
      </RSFDO>
      <RSFDO>
       <PARAMETER>EV_MATNR</PARAMETER>
       <KIND>P</KIND>
       <STEXT>Codice materiale</STEXT>
       <INDEX> 018</INDEX>
      </RSFDO>
      <RSFDO>
       <PARAMETER>EV_ESITO</PARAMETER>
       <KIND>P</KIND>
       <STEXT>Codice esito</STEXT>
       <INDEX> 019</INDEX>
      </RSFDO>
      <RSFDO>
       <PARAMETER>EV_DESCR_ESITO</PARAMETER>
       <KIND>P</KIND>
       <STEXT>Descrizione esito</STEXT>
       <INDEX> 020</INDEX>
      </RSFDO>
     </DOCUMENTATION>
    </item>
    <item>
     <FUNCNAME>Z_PPP_CADE_CS01</FUNCNAME>
     <REMOTE_CALL>R</REMOTE_CALL>
     <SHORT_TEXT>Creazione e modifica della BOM di tipo 3 del CAD Elettrico</SHORT_TEXT>
     <IMPORT>
      <RSIMP>
       <PARAMETER>IV_ROOTNAME</PARAMETER>
       <OPTIONAL>X</OPTIONAL>
       <TYP>ZPP_ALBERO-ROOTNAME</TYP>
      </RSIMP>
      <RSIMP>
       <PARAMETER>IV_POSID</PARAMETER>
       <OPTIONAL>X</OPTIONAL>
       <TYP>PRPS-POSID</TYP>
      </RSIMP>
      <RSIMP>
       <PARAMETER>IV_WERKS</PARAMETER>
       <OPTIONAL>X</OPTIONAL>
       <TYP>WERKS_D</TYP>
      </RSIMP>
      <RSIMP>
       <PARAMETER>IV_REVLV</PARAMETER>
       <OPTIONAL>X</OPTIONAL>
       <TYP>AEOI-REVLV</TYP>
      </RSIMP>
     </IMPORT>
     <EXPORT>
      <RSEXP>
       <PARAMETER>EV_ESITO</PARAMETER>
       <TYP>ZDBC_ESITO</TYP>
      </RSEXP>
      <RSEXP>
       <PARAMETER>EV_DESCR_ESITO</PARAMETER>
       <TYP>ZDBC_DESCR_ESITO</TYP>
      </RSEXP>
     </EXPORT>
     <TABLES>
      <RSTBL>
       <PARAMETER>ZPP_BOM_IN</PARAMETER>
       <DBSTRUCT>ZPP_BOM_IN</DBSTRUCT>
      </RSTBL>
      <RSTBL>
       <PARAMETER>ZPP_BOM_OUT</PARAMETER>
       <DBSTRUCT>ZPP_BOM_OUT</DBSTRUCT>
       <OPTIONAL>X</OPTIONAL>
      </RSTBL>
     </TABLES>
     <DOCUMENTATION>
      <RSFDO>
       <PARAMETER>IV_ROOTNAME</PARAMETER>
       <KIND>P</KIND>
       <STEXT>Rootname</STEXT>
       <INDEX> 001</INDEX>
      </RSFDO>
      <RSFDO>
       <PARAMETER>IV_POSID</PARAMETER>
       <KIND>P</KIND>
       <STEXT>Elemento della Work Breakdown Structure (elemento WBS)</STEXT>
       <INDEX> 002</INDEX>
      </RSFDO>
      <RSFDO>
       <PARAMETER>IV_WERKS</PARAMETER>
       <KIND>P</KIND>
       <STEXT>Divisione</STEXT>
       <INDEX> 003</INDEX>
      </RSFDO>
      <RSFDO>
       <PARAMETER>IV_REVLV</PARAMETER>
       <KIND>P</KIND>
       <STEXT>Stato di revisione</STEXT>
       <INDEX> 004</INDEX>
      </RSFDO>
      <RSFDO>
       <PARAMETER>EV_ESITO</PARAMETER>
       <KIND>P</KIND>
       <STEXT>Codice esito</STEXT>
       <INDEX> 005</INDEX>
      </RSFDO>
      <RSFDO>
       <PARAMETER>EV_DESCR_ESITO</PARAMETER>
       <KIND>P</KIND>
       <STEXT>Descrizione esito</STEXT>
       <INDEX> 006</INDEX>
      </RSFDO>
      <RSFDO>
       <PARAMETER>ZPP_BOM_IN</PARAMETER>
       <KIND>P</KIND>
       <STEXT>BOM in</STEXT>
       <INDEX> 007</INDEX>
      </RSFDO>
      <RSFDO>
       <PARAMETER>ZPP_BOM_OUT</PARAMETER>
       <KIND>P</KIND>
       <STEXT>BOM out</STEXT>
       <INDEX> 008</INDEX>
      </RSFDO>
     </DOCUMENTATION>
    </item>
    <item>
     <FUNCNAME>Z_PPP_CADE_CS03</FUNCNAME>
     <REMOTE_CALL>R</REMOTE_CALL>
     <SHORT_TEXT>Estrazione della BOM di tipo 3 al primo livello</SHORT_TEXT>
     <IMPORT>
      <RSIMP>
       <PARAMETER>IV_POSID</PARAMETER>
       <OPTIONAL>X</OPTIONAL>
       <TYP>PRPS-POSID</TYP>
      </RSIMP>
     </IMPORT>
     <EXPORT>
      <RSEXP>
       <PARAMETER>EV_ESITO</PARAMETER>
       <TYP>ZDBC_ESITO</TYP>
      </RSEXP>
      <RSEXP>
       <PARAMETER>EV_DESCR_ESITO</PARAMETER>
       <TYP>ZDBC_DESCR_ESITO</TYP>
      </RSEXP>
     </EXPORT>
     <TABLES>
      <RSTBL>
       <PARAMETER>T_BOM</PARAMETER>
       <DBSTRUCT>ZSPPP_BOM_CADE</DBSTRUCT>
      </RSTBL>
     </TABLES>
     <DOCUMENTATION>
      <RSFDO>
       <PARAMETER>IV_POSID</PARAMETER>
       <KIND>P</KIND>
       <STEXT>Elemento della Work Breakdown Structure (elemento WBS)</STEXT>
       <INDEX> 001</INDEX>
      </RSFDO>
      <RSFDO>
       <PARAMETER>EV_ESITO</PARAMETER>
       <KIND>P</KIND>
       <STEXT>Codice esito</STEXT>
       <INDEX> 002</INDEX>
      </RSFDO>
      <RSFDO>
       <PARAMETER>EV_DESCR_ESITO</PARAMETER>
       <KIND>P</KIND>
       <STEXT>Descrizione esito</STEXT>
       <INDEX> 003</INDEX>
      </RSFDO>
      <RSFDO>
       <PARAMETER>T_BOM</PARAMETER>
       <KIND>P</KIND>
       <STEXT>Bom per rfc cad elettrico</STEXT>
       <INDEX> 004</INDEX>
      </RSFDO>
     </DOCUMENTATION>
    </item>
    <item>
     <FUNCNAME>Z_PPP_CADE_CS15</FUNCNAME>
     <REMOTE_CALL>R</REMOTE_CALL>
     <SHORT_TEXT>Impiego del codice materiale nella BOM di tipo 2 per il CAD Elettrico</SHORT_TEXT>
     <IMPORT>
      <RSIMP>
       <PARAMETER>IV_WERKS</PARAMETER>
       <OPTIONAL>X</OPTIONAL>
       <TYP>WERKS_D</TYP>
      </RSIMP>
      <RSIMP>
       <PARAMETER>IV_MATNR</PARAMETER>
       <OPTIONAL>X</OPTIONAL>
       <TYP>MATNR</TYP>
      </RSIMP>
     </IMPORT>
     <EXPORT>
      <RSEXP>
       <PARAMETER>EV_ESITO</PARAMETER>
       <TYP>ZDBC_ESITO</TYP>
      </RSEXP>
      <RSEXP>
       <PARAMETER>EV_DESCR_ESITO</PARAMETER>
       <TYP>ZDBC_DESCR_ESITO</TYP>
      </RSEXP>
     </EXPORT>
     <TABLES>
      <RSTBL>
       <PARAMETER>ZMM_CS15</PARAMETER>
       <DBSTRUCT>ZMM_CS15</DBSTRUCT>
      </RSTBL>
     </TABLES>
     <DOCUMENTATION>
      <RSFDO>
       <PARAMETER>IV_WERKS</PARAMETER>
       <KIND>P</KIND>
       <STEXT>Divisione</STEXT>
       <INDEX> 001</INDEX>
      </RSFDO>
      <RSFDO>
       <PARAMETER>IV_MATNR</PARAMETER>
       <KIND>P</KIND>
       <STEXT>Codice materiale</STEXT>
       <INDEX> 002</INDEX>
      </RSFDO>
      <RSFDO>
       <PARAMETER>EV_ESITO</PARAMETER>
       <KIND>P</KIND>
       <STEXT>Codice esito</STEXT>
       <INDEX> 003</INDEX>
      </RSFDO>
      <RSFDO>
       <PARAMETER>EV_DESCR_ESITO</PARAMETER>
       <KIND>P</KIND>
       <STEXT>Descrizione esito</STEXT>
       <INDEX> 004</INDEX>
      </RSFDO>
      <RSFDO>
       <PARAMETER>ZMM_CS15</PARAMETER>
       <KIND>P</KIND>
       <STEXT>CAD Elettrico: Codice padre della BOM</STEXT>
       <INDEX> 005</INDEX>
      </RSFDO>
     </DOCUMENTATION>
    </item>
    <item>
     <FUNCNAME>Z_PPP_GET_ACTIVE_WBS_USAGE</FUNCNAME>
     <REMOTE_CALL>R</REMOTE_CALL>
     <SHORT_TEXT>Creazione materiali 8* e 5* tutte le view</SHORT_TEXT>
     <IMPORT>
      <RSIMP>
       <PARAMETER>IV_MATNR</PARAMETER>
       <OPTIONAL>X</OPTIONAL>
       <TYP>MATNR</TYP>
      </RSIMP>
     </IMPORT>
     <EXPORT>
      <RSEXP>
       <PARAMETER>EV_ESITO</PARAMETER>
       <TYP>ZDBC_ESITO</TYP>
      </RSEXP>
      <RSEXP>
       <PARAMETER>EV_DESCR_ESITO</PARAMETER>
       <TYP>ZDBC_DESCR_ESITO</TYP>
      </RSEXP>
      <RSEXP>
       <PARAMETER>ET_WBS_ROOTNAME</PARAMETER>
       <TYP>ZSPPP_WBS_ROOTNAME_T</TYP>
      </RSEXP>
     </EXPORT>
     <DOCUMENTATION>
      <RSFDO>
       <PARAMETER>IV_MATNR</PARAMETER>
       <KIND>P</KIND>
       <STEXT>Codice materiale</STEXT>
       <INDEX> 001</INDEX>
      </RSFDO>
      <RSFDO>
       <PARAMETER>EV_ESITO</PARAMETER>
       <KIND>P</KIND>
       <STEXT>Codice esito</STEXT>
       <INDEX> 002</INDEX>
      </RSFDO>
      <RSFDO>
       <PARAMETER>EV_DESCR_ESITO</PARAMETER>
       <KIND>P</KIND>
       <STEXT>Descrizione esito</STEXT>
       <INDEX> 003</INDEX>
      </RSFDO>
      <RSFDO>
       <PARAMETER>ET_WBS_ROOTNAME</PARAMETER>
       <KIND>P</KIND>
       <STEXT>WBS e rootname</STEXT>
       <INDEX> 004</INDEX>
      </RSFDO>
     </DOCUMENTATION>
    </item>
   </FUNCTIONS>
  </asx:values>
 </asx:abap>
</abapGit>
