﻿<?xml version="1.0" encoding="utf-8"?>
<abapGit version="v1.0.0" serializer="LCL_OBJECT_DTEL" serializer_version="v1.0.0">
 <asx:abap xmlns:asx="http://www.sap.com/abapxml" version="1.0">
  <asx:values>
   <DD04V>
    <ROLLNAME>ZPS_WBSROOT</ROLLNAME>
    <DDLANGUAGE>I</DDLANGUAGE>
    <DOMNAME>CHAR30</DOMNAME>
    <HEADLEN>30</HEADLEN>
    <SCRLEN1>10</SCRLEN1>
    <SCRLEN2>15</SCRLEN2>
    <SCRLEN3>20</SCRLEN3>
    <DDTEXT>WBS &amp; ROOTNAME Confermati e aperti</DDTEXT>
    <REPTEXT>WBS - ROOTNAME</REPTEXT>
    <SCRTEXT_S>WBS - ROOT</SCRTEXT_S>
    <SCRTEXT_M>WBS - ROOTNAME</SCRTEXT_M>
    <SCRTEXT_L>WBS - ROOTNAME</SCRTEXT_L>
    <DTELMASTER>I</DTELMASTER>
    <REFKIND>D</REFKIND>
   </DD04V>
  </asx:values>
 </asx:abap>
</abapGit>
