﻿<?xml version="1.0" encoding="utf-8"?>
<abapGit version="v1.0.0" serializer="LCL_OBJECT_TABL" serializer_version="v1.0.0">
 <asx:abap xmlns:asx="http://www.sap.com/abapxml" version="1.0">
  <asx:values>
   <DD02V>
    <TABNAME>ZSATTACHMENT</TABNAME>
    <DDLANGUAGE>I</DDLANGUAGE>
    <TABCLASS>INTTAB</TABCLASS>
    <DDTEXT>Attachment structure</DDTEXT>
    <EXCLASS>1</EXCLASS>
   </DD02V>
   <DD03P_TABLE>
    <DD03P>
     <TABNAME>ZSATTACHMENT</TABNAME>
     <FIELDNAME>FILE_NAME</FIELDNAME>
     <POSITION>0001</POSITION>
     <ROLLNAME>DXFILENAME</ROLLNAME>
     <ADMINFIELD>0</ADMINFIELD>
     <COMPTYPE>E</COMPTYPE>
    </DD03P>
    <DD03P>
     <TABNAME>ZSATTACHMENT</TABNAME>
     <FIELDNAME>CONTENT_X</FIELDNAME>
     <DDLANGUAGE>I</DDLANGUAGE>
     <POSITION>0002</POSITION>
     <ADMINFIELD>0</ADMINFIELD>
     <INTTYPE>y</INTTYPE>
     <INTLEN>000008</INTLEN>
     <DATATYPE>RSTR</DATATYPE>
     <MASK>  RSTR</MASK>
    </DD03P>
    <DD03P>
     <TABNAME>ZSATTACHMENT</TABNAME>
     <FIELDNAME>CONTENT_S</FIELDNAME>
     <DDLANGUAGE>I</DDLANGUAGE>
     <POSITION>0003</POSITION>
     <ADMINFIELD>0</ADMINFIELD>
     <INTTYPE>g</INTTYPE>
     <INTLEN>000008</INTLEN>
     <DATATYPE>STRG</DATATYPE>
     <MASK>  STRG</MASK>
    </DD03P>
    <DD03P>
     <TABNAME>ZSATTACHMENT</TABNAME>
     <FIELDNAME>TYPE</FIELDNAME>
     <POSITION>0004</POSITION>
     <ROLLNAME>SO_OBJ_TP</ROLLNAME>
     <ADMINFIELD>0</ADMINFIELD>
     <COMPTYPE>E</COMPTYPE>
    </DD03P>
   </DD03P_TABLE>
  </asx:values>
 </asx:abap>
</abapGit>
