﻿<?xml version="1.0" encoding="utf-8"?>
<abapGit version="v1.0.0" serializer="LCL_OBJECT_TABL" serializer_version="v1.0.0">
 <asx:abap xmlns:asx="http://www.sap.com/abapxml" version="1.0">
  <asx:values>
   <DD02V>
    <TABNAME>ZSPPP_WBS_ROOTNAME</TABNAME>
    <DDLANGUAGE>I</DDLANGUAGE>
    <TABCLASS>INTTAB</TABCLASS>
    <DDTEXT>WBS e rootname</DDTEXT>
    <EXCLASS>4</EXCLASS>
   </DD02V>
   <DD03P_TABLE>
    <DD03P>
     <TABNAME>ZSPPP_WBS_ROOTNAME</TABNAME>
     <FIELDNAME>WBS</FIELDNAME>
     <POSITION>0001</POSITION>
     <ROLLNAME>PS_POSID</ROLLNAME>
     <ADMINFIELD>0</ADMINFIELD>
     <COMPTYPE>E</COMPTYPE>
    </DD03P>
    <DD03P>
     <TABNAME>ZSPPP_WBS_ROOTNAME</TABNAME>
     <FIELDNAME>ROOTNAME</FIELDNAME>
     <POSITION>0002</POSITION>
     <ROLLNAME>ZPP_PDM_ROOTNAME</ROLLNAME>
     <ADMINFIELD>0</ADMINFIELD>
     <COMPTYPE>E</COMPTYPE>
    </DD03P>
   </DD03P_TABLE>
  </asx:values>
 </asx:abap>
</abapGit>
