﻿<?xml version="1.0" encoding="utf-8"?>
<abapGit version="v1.0.0" serializer="LCL_OBJECT_TABL" serializer_version="v1.0.0">
 <asx:abap xmlns:asx="http://www.sap.com/abapxml" version="1.0">
  <asx:values>
   <DD02V>
    <TABNAME>ZSPPP_ECTR_NORM</TABNAME>
    <DDLANGUAGE>I</DDLANGUAGE>
    <TABCLASS>INTTAB</TABCLASS>
    <DDTEXT>Dati aggiuntivi normalizzatore</DDTEXT>
    <EXCLASS>4</EXCLASS>
   </DD02V>
   <DD03P_TABLE>
    <DD03P>
     <TABNAME>ZSPPP_ECTR_NORM</TABNAME>
     <FIELDNAME>ROOTNAME</FIELDNAME>
     <POSITION>0001</POSITION>
     <ROLLNAME>ZPP_PDM_ROOTNAME</ROLLNAME>
     <ADMINFIELD>0</ADMINFIELD>
     <COMPTYPE>E</COMPTYPE>
    </DD03P>
    <DD03P>
     <TABNAME>ZSPPP_ECTR_NORM</TABNAME>
     <FIELDNAME>POSID</FIELDNAME>
     <POSITION>0002</POSITION>
     <ROLLNAME>PS_POSID</ROLLNAME>
     <ADMINFIELD>0</ADMINFIELD>
     <COMPTYPE>E</COMPTYPE>
    </DD03P>
    <DD03P>
     <TABNAME>ZSPPP_ECTR_NORM</TABNAME>
     <FIELDNAME>DISPO</FIELDNAME>
     <POSITION>0003</POSITION>
     <ROLLNAME>DISPO</ROLLNAME>
     <ADMINFIELD>0</ADMINFIELD>
     <SHLPORIGIN>D</SHLPORIGIN>
     <COMPTYPE>E</COMPTYPE>
    </DD03P>
    <DD03P>
     <TABNAME>ZSPPP_ECTR_NORM</TABNAME>
     <FIELDNAME>TO_SAVE</FIELDNAME>
     <POSITION>0004</POSITION>
     <ROLLNAME>ZECTR_TO_SAVE</ROLLNAME>
     <ADMINFIELD>0</ADMINFIELD>
     <COMPTYPE>E</COMPTYPE>
    </DD03P>
    <DD03P>
     <TABNAME>ZSPPP_ECTR_NORM</TABNAME>
     <FIELDNAME>ZSEND</FIELDNAME>
     <POSITION>0005</POSITION>
     <ROLLNAME>ZECTR_SEND</ROLLNAME>
     <ADMINFIELD>0</ADMINFIELD>
     <COMPTYPE>E</COMPTYPE>
    </DD03P>
   </DD03P_TABLE>
  </asx:values>
 </asx:abap>
</abapGit>
