﻿<?xml version="1.0" encoding="utf-8"?>
<abapGit version="v1.0.0" serializer="LCL_OBJECT_TABL" serializer_version="v1.0.0">
 <asx:abap xmlns:asx="http://www.sap.com/abapxml" version="1.0">
  <asx:values>
   <DD02V>
    <TABNAME>ZSPPP_TREE_BOM_DIFF</TABNAME>
    <DDLANGUAGE>I</DDLANGUAGE>
    <TABCLASS>INTTAB</TABCLASS>
    <DDTEXT>Risultato confronto albero - BOM</DDTEXT>
    <EXCLASS>4</EXCLASS>
   </DD02V>
   <DD03P_TABLE>
    <DD03P>
     <TABNAME>ZSPPP_TREE_BOM_DIFF</TABNAME>
     <FIELDNAME>TYPE</FIELDNAME>
     <DDLANGUAGE>I</DDLANGUAGE>
     <POSITION>0001</POSITION>
     <ADMINFIELD>0</ADMINFIELD>
     <INTTYPE>C</INTTYPE>
     <INTLEN>000002</INTLEN>
     <DATATYPE>CHAR</DATATYPE>
     <LENG>000001</LENG>
     <MASK>  CHAR</MASK>
     <DDTEXT>Tipo</DDTEXT>
    </DD03P>
    <DD03P>
     <TABNAME>ZSPPP_TREE_BOM_DIFF</TABNAME>
     <FIELDNAME>TYPE_DESCR</FIELDNAME>
     <DDLANGUAGE>I</DDLANGUAGE>
     <POSITION>0002</POSITION>
     <ADMINFIELD>0</ADMINFIELD>
     <INTTYPE>g</INTTYPE>
     <INTLEN>000008</INTLEN>
     <DATATYPE>STRG</DATATYPE>
     <MASK>  STRG</MASK>
     <DDTEXT>Descrizione</DDTEXT>
    </DD03P>
    <DD03P>
     <TABNAME>ZSPPP_TREE_BOM_DIFF</TABNAME>
     <FIELDNAME>PARENTNAME</FIELDNAME>
     <POSITION>0003</POSITION>
     <ROLLNAME>ZPP_PDM_PARENTNAME</ROLLNAME>
     <ADMINFIELD>0</ADMINFIELD>
     <COMPTYPE>E</COMPTYPE>
    </DD03P>
    <DD03P>
     <TABNAME>ZSPPP_TREE_BOM_DIFF</TABNAME>
     <FIELDNAME>CHILDNAME</FIELDNAME>
     <POSITION>0004</POSITION>
     <ROLLNAME>ZPP_PDM_CHILDNAME</ROLLNAME>
     <ADMINFIELD>0</ADMINFIELD>
     <COMPTYPE>E</COMPTYPE>
    </DD03P>
    <DD03P>
     <TABNAME>ZSPPP_TREE_BOM_DIFF</TABNAME>
     <FIELDNAME>ROOTNAME</FIELDNAME>
     <POSITION>0005</POSITION>
     <ROLLNAME>ZPP_PDM_ROOTNAME</ROLLNAME>
     <ADMINFIELD>0</ADMINFIELD>
     <COMPTYPE>E</COMPTYPE>
    </DD03P>
    <DD03P>
     <TABNAME>ZSPPP_TREE_BOM_DIFF</TABNAME>
     <FIELDNAME>RELSTARTDATE</FIELDNAME>
     <POSITION>0006</POSITION>
     <ROLLNAME>ZPP_PDM_RELSTARTDATE</ROLLNAME>
     <ADMINFIELD>0</ADMINFIELD>
     <COMPTYPE>E</COMPTYPE>
    </DD03P>
    <DD03P>
     <TABNAME>ZSPPP_TREE_BOM_DIFF</TABNAME>
     <FIELDNAME>RELENDDATE</FIELDNAME>
     <POSITION>0007</POSITION>
     <ROLLNAME>ZPP_PDM_RELENDDATE</ROLLNAME>
     <ADMINFIELD>0</ADMINFIELD>
     <COMPTYPE>E</COMPTYPE>
    </DD03P>
    <DD03P>
     <TABNAME>ZSPPP_TREE_BOM_DIFF</TABNAME>
     <FIELDNAME>RELPOS</FIELDNAME>
     <POSITION>0008</POSITION>
     <ROLLNAME>ZPP_PDM_RELPOS</ROLLNAME>
     <ADMINFIELD>0</ADMINFIELD>
     <COMPTYPE>E</COMPTYPE>
    </DD03P>
    <DD03P>
     <TABNAME>ZSPPP_TREE_BOM_DIFF</TABNAME>
     <FIELDNAME>RELQTY</FIELDNAME>
     <POSITION>0009</POSITION>
     <ROLLNAME>ZPP_SAP_PDM_RELQTY</ROLLNAME>
     <ADMINFIELD>0</ADMINFIELD>
     <REFTABLE>MARA</REFTABLE>
     <REFFIELD>MEINS</REFFIELD>
     <COMPTYPE>E</COMPTYPE>
    </DD03P>
    <DD03P>
     <TABNAME>ZSPPP_TREE_BOM_DIFF</TABNAME>
     <FIELDNAME>BOMQTY</FIELDNAME>
     <POSITION>0010</POSITION>
     <ROLLNAME>ZPP_SAP_PDM_RELQTY</ROLLNAME>
     <ADMINFIELD>0</ADMINFIELD>
     <REFTABLE>MARA</REFTABLE>
     <REFFIELD>MEINS</REFFIELD>
     <COMPTYPE>E</COMPTYPE>
    </DD03P>
    <DD03P>
     <TABNAME>ZSPPP_TREE_BOM_DIFF</TABNAME>
     <FIELDNAME>POSID</FIELDNAME>
     <POSITION>0011</POSITION>
     <ROLLNAME>PS_POSID</ROLLNAME>
     <ADMINFIELD>0</ADMINFIELD>
     <COMPTYPE>E</COMPTYPE>
    </DD03P>
    <DD03P>
     <TABNAME>ZSPPP_TREE_BOM_DIFF</TABNAME>
     <FIELDNAME>POSNR</FIELDNAME>
     <POSITION>0012</POSITION>
     <ROLLNAME>SPOSN</ROLLNAME>
     <ADMINFIELD>0</ADMINFIELD>
     <COMPTYPE>E</COMPTYPE>
    </DD03P>
    <DD03P>
     <TABNAME>ZSPPP_TREE_BOM_DIFF</TABNAME>
     <FIELDNAME>STLAN</FIELDNAME>
     <POSITION>0013</POSITION>
     <ROLLNAME>STLAN</ROLLNAME>
     <ADMINFIELD>0</ADMINFIELD>
     <COMPTYPE>E</COMPTYPE>
    </DD03P>
    <DD03P>
     <TABNAME>ZSPPP_TREE_BOM_DIFF</TABNAME>
     <FIELDNAME>STLAL</FIELDNAME>
     <POSITION>0014</POSITION>
     <ROLLNAME>STALT</ROLLNAME>
     <ADMINFIELD>0</ADMINFIELD>
     <COMPTYPE>E</COMPTYPE>
    </DD03P>
    <DD03P>
     <TABNAME>ZSPPP_TREE_BOM_DIFF</TABNAME>
     <FIELDNAME>SORTF</FIELDNAME>
     <POSITION>0015</POSITION>
     <ROLLNAME>SORTP</ROLLNAME>
     <ADMINFIELD>0</ADMINFIELD>
     <COMPTYPE>E</COMPTYPE>
    </DD03P>
    <DD03P>
     <TABNAME>ZSPPP_TREE_BOM_DIFF</TABNAME>
     <FIELDNAME>MEINS</FIELDNAME>
     <POSITION>0016</POSITION>
     <ROLLNAME>KMPME</ROLLNAME>
     <ADMINFIELD>0</ADMINFIELD>
     <COMPTYPE>E</COMPTYPE>
    </DD03P>
   </DD03P_TABLE>
  </asx:values>
 </asx:abap>
</abapGit>
