﻿<?xml version="1.0" encoding="utf-8"?>
<abapGit version="v1.0.0" serializer="LCL_OBJECT_TABL" serializer_version="v1.0.0">
 <asx:abap xmlns:asx="http://www.sap.com/abapxml" version="1.0">
  <asx:values>
   <DD02V>
    <TABNAME>ZSPPP_BOM</TABNAME>
    <DDLANGUAGE>I</DDLANGUAGE>
    <TABCLASS>INTTAB</TABCLASS>
    <LANGDEP>X</LANGDEP>
    <DDTEXT>Struttura per classe esplosione BOM</DDTEXT>
    <EXCLASS>4</EXCLASS>
   </DD02V>
   <DD03P_TABLE>
    <DD03P>
     <TABNAME>ZSPPP_BOM</TABNAME>
     <FIELDNAME>T_CSCMAT</FIELDNAME>
     <POSITION>0001</POSITION>
     <ROLLNAME>ZCSCMAT_T</ROLLNAME>
     <ADMINFIELD>0</ADMINFIELD>
     <DATATYPE>TTYP</DATATYPE>
     <MASK>  TTYPL</MASK>
     <COMPTYPE>L</COMPTYPE>
    </DD03P>
    <DD03P>
     <TABNAME>ZSPPP_BOM</TABNAME>
     <FIELDNAME>T_STB</FIELDNAME>
     <POSITION>0002</POSITION>
     <ROLLNAME>ZSPPP_STPOX_T</ROLLNAME>
     <ADMINFIELD>0</ADMINFIELD>
     <DATATYPE>TTYP</DATATYPE>
     <MASK>  TTYPL</MASK>
     <COMPTYPE>L</COMPTYPE>
    </DD03P>
    <DD03P>
     <TABNAME>ZSPPP_BOM</TABNAME>
     <FIELDNAME>S_TOPMAT</FIELDNAME>
     <POSITION>0003</POSITION>
     <ROLLNAME>CSTMAT</ROLLNAME>
     <ADMINFIELD>0</ADMINFIELD>
     <DATATYPE>STRU</DATATYPE>
     <MASK>  STRUS</MASK>
     <COMPTYPE>S</COMPTYPE>
    </DD03P>
   </DD03P_TABLE>
  </asx:values>
 </asx:abap>
</abapGit>
