﻿<?xml version="1.0" encoding="utf-8"?>
<abapGit version="v1.0.0" serializer="LCL_OBJECT_TABL" serializer_version="v1.0.0">
 <asx:abap xmlns:asx="http://www.sap.com/abapxml" version="1.0">
  <asx:values>
   <DD02V>
    <TABNAME>ZSPPP_STPOX_I</TABNAME>
    <DDLANGUAGE>I</DDLANGUAGE>
    <TABCLASS>INTTAB</TABCLASS>
    <LANGDEP>X</LANGDEP>
    <DDTEXT>Posizione distinta base (ampliata per visualizzazioni lista)</DDTEXT>
    <APPLCLASS>CS</APPLCLASS>
    <MASTERLANG>E</MASTERLANG>
    <EXCLASS>3</EXCLASS>
   </DD02V>
   <DD03P_TABLE>
    <DD03P>
     <TABNAME>ZSPPP_STPOX_I</TABNAME>
     <FIELDNAME>STUFE</FIELDNAME>
     <POSITION>0001</POSITION>
     <ROLLNAME>HISTU</ROLLNAME>
     <ADMINFIELD>0</ADMINFIELD>
     <COMPTYPE>E</COMPTYPE>
    </DD03P>
    <DD03P>
     <TABNAME>ZSPPP_STPOX_I</TABNAME>
     <FIELDNAME>WEGXX</FIELDNAME>
     <POSITION>0002</POSITION>
     <ROLLNAME>CS_E_VWEGX</ROLLNAME>
     <ADMINFIELD>0</ADMINFIELD>
     <COMPTYPE>E</COMPTYPE>
    </DD03P>
    <DD03P>
     <TABNAME>ZSPPP_STPOX_I</TABNAME>
     <FIELDNAME>BMTYP</FIELDNAME>
     <POSITION>0003</POSITION>
     <ROLLNAME>STLTY</ROLLNAME>
     <ADMINFIELD>0</ADMINFIELD>
     <VALEXI>X</VALEXI>
     <SHLPORIGIN>F</SHLPORIGIN>
     <COMPTYPE>E</COMPTYPE>
    </DD03P>
    <DD03P>
     <TABNAME>ZSPPP_STPOX_I</TABNAME>
     <FIELDNAME>TTIDX</FIELDNAME>
     <POSITION>0004</POSITION>
     <ROLLNAME>TTIDX</ROLLNAME>
     <ADMINFIELD>0</ADMINFIELD>
     <COMPTYPE>E</COMPTYPE>
    </DD03P>
    <DD03P>
     <TABNAME>ZSPPP_STPOX_I</TABNAME>
     <FIELDNAME>VWEGX</FIELDNAME>
     <POSITION>0005</POSITION>
     <ROLLNAME>WEGXX</ROLLNAME>
     <ADMINFIELD>0</ADMINFIELD>
     <COMPTYPE>E</COMPTYPE>
    </DD03P>
    <DD03P>
     <TABNAME>ZSPPP_STPOX_I</TABNAME>
     <FIELDNAME>OJTXB</FIELDNAME>
     <POSITION>0006</POSITION>
     <ROLLNAME>OJTXB</ROLLNAME>
     <ADMINFIELD>0</ADMINFIELD>
     <COMPTYPE>E</COMPTYPE>
    </DD03P>
    <DD03P>
     <TABNAME>ZSPPP_STPOX_I</TABNAME>
     <FIELDNAME>BAUSF</FIELDNAME>
     <POSITION>0007</POSITION>
     <ROLLNAME>CS_E_BAUSD</ROLLNAME>
     <ADMINFIELD>0</ADMINFIELD>
     <COMPTYPE>E</COMPTYPE>
    </DD03P>
    <DD03P>
     <TABNAME>ZSPPP_STPOX_I</TABNAME>
     <FIELDNAME>STLAN</FIELDNAME>
     <POSITION>0008</POSITION>
     <ROLLNAME>STLAN</ROLLNAME>
     <ADMINFIELD>0</ADMINFIELD>
     <COMPTYPE>E</COMPTYPE>
    </DD03P>
    <DD03P>
     <TABNAME>ZSPPP_STPOX_I</TABNAME>
     <FIELDNAME>STLAL</FIELDNAME>
     <POSITION>0009</POSITION>
     <ROLLNAME>STALT</ROLLNAME>
     <ADMINFIELD>0</ADMINFIELD>
     <COMPTYPE>E</COMPTYPE>
    </DD03P>
    <DD03P>
     <TABNAME>ZSPPP_STPOX_I</TABNAME>
     <FIELDNAME>ALTST</FIELDNAME>
     <POSITION>0010</POSITION>
     <ROLLNAME>ALTST</ROLLNAME>
     <ADMINFIELD>0</ADMINFIELD>
     <VALEXI>X</VALEXI>
     <SHLPORIGIN>F</SHLPORIGIN>
     <COMPTYPE>E</COMPTYPE>
    </DD03P>
    <DD03P>
     <TABNAME>ZSPPP_STPOX_I</TABNAME>
     <FIELDNAME>VARST</FIELDNAME>
     <POSITION>0011</POSITION>
     <ROLLNAME>VARST</ROLLNAME>
     <ADMINFIELD>0</ADMINFIELD>
     <VALEXI>X</VALEXI>
     <SHLPORIGIN>F</SHLPORIGIN>
     <COMPTYPE>E</COMPTYPE>
    </DD03P>
    <DD03P>
     <TABNAME>ZSPPP_STPOX_I</TABNAME>
     <FIELDNAME>KBAUS</FIELDNAME>
     <POSITION>0012</POSITION>
     <ROLLNAME>KBAUS</ROLLNAME>
     <ADMINFIELD>0</ADMINFIELD>
     <VALEXI>X</VALEXI>
     <SHLPORIGIN>F</SHLPORIGIN>
     <COMPTYPE>E</COMPTYPE>
    </DD03P>
    <DD03P>
     <TABNAME>ZSPPP_STPOX_I</TABNAME>
     <FIELDNAME>LOEKZ</FIELDNAME>
     <POSITION>0013</POSITION>
     <ROLLNAME>CS_E_LKZCH</ROLLNAME>
     <ADMINFIELD>0</ADMINFIELD>
     <VALEXI>X</VALEXI>
     <SHLPORIGIN>F</SHLPORIGIN>
     <COMPTYPE>E</COMPTYPE>
    </DD03P>
    <DD03P>
     <TABNAME>ZSPPP_STPOX_I</TABNAME>
     <FIELDNAME>OJTXP</FIELDNAME>
     <POSITION>0014</POSITION>
     <ROLLNAME>OJTXP</ROLLNAME>
     <ADMINFIELD>0</ADMINFIELD>
     <COMPTYPE>E</COMPTYPE>
    </DD03P>
    <DD03P>
     <TABNAME>ZSPPP_STPOX_I</TABNAME>
     <FIELDNAME>MTART</FIELDNAME>
     <POSITION>0015</POSITION>
     <ROLLNAME>MTART</ROLLNAME>
     <ADMINFIELD>0</ADMINFIELD>
     <COMPTYPE>E</COMPTYPE>
    </DD03P>
    <DD03P>
     <TABNAME>ZSPPP_STPOX_I</TABNAME>
     <FIELDNAME>WERKS</FIELDNAME>
     <POSITION>0016</POSITION>
     <ROLLNAME>WERKS_D</ROLLNAME>
     <ADMINFIELD>0</ADMINFIELD>
     <SHLPORIGIN>D</SHLPORIGIN>
     <COMPTYPE>E</COMPTYPE>
    </DD03P>
    <DD03P>
     <TABNAME>ZSPPP_STPOX_I</TABNAME>
     <FIELDNAME>VERID</FIELDNAME>
     <POSITION>0017</POSITION>
     <ROLLNAME>VERID</ROLLNAME>
     <ADMINFIELD>0</ADMINFIELD>
     <COMPTYPE>E</COMPTYPE>
    </DD03P>
    <DD03P>
     <TABNAME>ZSPPP_STPOX_I</TABNAME>
     <FIELDNAME>VPSTA</FIELDNAME>
     <POSITION>0018</POSITION>
     <ROLLNAME>VPSTA</ROLLNAME>
     <ADMINFIELD>0</ADMINFIELD>
     <COMPTYPE>E</COMPTYPE>
    </DD03P>
    <DD03P>
     <TABNAME>ZSPPP_STPOX_I</TABNAME>
     <FIELDNAME>FSTAT</FIELDNAME>
     <POSITION>0019</POSITION>
     <ROLLNAME>PSTAT_D</ROLLNAME>
     <ADMINFIELD>0</ADMINFIELD>
     <COMPTYPE>E</COMPTYPE>
    </DD03P>
    <DD03P>
     <TABNAME>ZSPPP_STPOX_I</TABNAME>
     <FIELDNAME>MMEIN</FIELDNAME>
     <POSITION>0020</POSITION>
     <ROLLNAME>MEINS</ROLLNAME>
     <ADMINFIELD>0</ADMINFIELD>
     <COMPTYPE>E</COMPTYPE>
    </DD03P>
    <DD03P>
     <TABNAME>ZSPPP_STPOX_I</TABNAME>
     <FIELDNAME>BWTTY</FIELDNAME>
     <POSITION>0021</POSITION>
     <ROLLNAME>BWTTY_D</ROLLNAME>
     <ADMINFIELD>0</ADMINFIELD>
     <COMPTYPE>E</COMPTYPE>
    </DD03P>
    <DD03P>
     <TABNAME>ZSPPP_STPOX_I</TABNAME>
     <FIELDNAME>VPRSV</FIELDNAME>
     <POSITION>0022</POSITION>
     <ROLLNAME>VPRSV</ROLLNAME>
     <ADMINFIELD>0</ADMINFIELD>
     <VALEXI>X</VALEXI>
     <SHLPORIGIN>F</SHLPORIGIN>
     <COMPTYPE>E</COMPTYPE>
    </DD03P>
    <DD03P>
     <TABNAME>ZSPPP_STPOX_I</TABNAME>
     <FIELDNAME>STPRS</FIELDNAME>
     <POSITION>0023</POSITION>
     <ROLLNAME>STPRS</ROLLNAME>
     <ADMINFIELD>0</ADMINFIELD>
     <REFTABLE>T001</REFTABLE>
     <REFFIELD>WAERS</REFFIELD>
     <COMPTYPE>E</COMPTYPE>
    </DD03P>
    <DD03P>
     <TABNAME>ZSPPP_STPOX_I</TABNAME>
     <FIELDNAME>VERPR</FIELDNAME>
     <POSITION>0024</POSITION>
     <ROLLNAME>VERPR</ROLLNAME>
     <ADMINFIELD>0</ADMINFIELD>
     <REFTABLE>T001</REFTABLE>
     <REFFIELD>WAERS</REFFIELD>
     <COMPTYPE>E</COMPTYPE>
    </DD03P>
    <DD03P>
     <TABNAME>ZSPPP_STPOX_I</TABNAME>
     <FIELDNAME>PREIH</FIELDNAME>
     <POSITION>0025</POSITION>
     <ROLLNAME>CS_E_PEINH</ROLLNAME>
     <ADMINFIELD>0</ADMINFIELD>
     <COMPTYPE>E</COMPTYPE>
    </DD03P>
    <DD03P>
     <TABNAME>ZSPPP_STPOX_I</TABNAME>
     <FIELDNAME>SBDKZ</FIELDNAME>
     <POSITION>0026</POSITION>
     <ROLLNAME>SBDKZ</ROLLNAME>
     <ADMINFIELD>0</ADMINFIELD>
     <VALEXI>X</VALEXI>
     <SHLPORIGIN>F</SHLPORIGIN>
     <COMPTYPE>E</COMPTYPE>
    </DD03P>
    <DD03P>
     <TABNAME>ZSPPP_STPOX_I</TABNAME>
     <FIELDNAME>XCHAR</FIELDNAME>
     <POSITION>0027</POSITION>
     <ROLLNAME>XCHAR</ROLLNAME>
     <ADMINFIELD>0</ADMINFIELD>
     <VALEXI>X</VALEXI>
     <SHLPORIGIN>F</SHLPORIGIN>
     <COMPTYPE>E</COMPTYPE>
    </DD03P>
    <DD03P>
     <TABNAME>ZSPPP_STPOX_I</TABNAME>
     <FIELDNAME>KZECH</FIELDNAME>
     <POSITION>0028</POSITION>
     <ROLLNAME>KZECH</ROLLNAME>
     <ADMINFIELD>0</ADMINFIELD>
     <VALEXI>X</VALEXI>
     <SHLPORIGIN>F</SHLPORIGIN>
     <COMPTYPE>E</COMPTYPE>
    </DD03P>
    <DD03P>
     <TABNAME>ZSPPP_STPOX_I</TABNAME>
     <FIELDNAME>KZWSM</FIELDNAME>
     <POSITION>0029</POSITION>
     <ROLLNAME>KZWSO</ROLLNAME>
     <ADMINFIELD>0</ADMINFIELD>
     <VALEXI>X</VALEXI>
     <SHLPORIGIN>F</SHLPORIGIN>
     <COMPTYPE>E</COMPTYPE>
    </DD03P>
    <DD03P>
     <TABNAME>ZSPPP_STPOX_I</TABNAME>
     <FIELDNAME>MMSTA</FIELDNAME>
     <POSITION>0030</POSITION>
     <ROLLNAME>MMSTA</ROLLNAME>
     <ADMINFIELD>0</ADMINFIELD>
     <COMPTYPE>E</COMPTYPE>
    </DD03P>
    <DD03P>
     <TABNAME>ZSPPP_STPOX_I</TABNAME>
     <FIELDNAME>MMSTD</FIELDNAME>
     <POSITION>0031</POSITION>
     <ROLLNAME>MMSTD</ROLLNAME>
     <ADMINFIELD>0</ADMINFIELD>
     <SHLPORIGIN>T</SHLPORIGIN>
     <COMPTYPE>E</COMPTYPE>
    </DD03P>
    <DD03P>
     <TABNAME>ZSPPP_STPOX_I</TABNAME>
     <FIELDNAME>MSTAE</FIELDNAME>
     <POSITION>0032</POSITION>
     <ROLLNAME>MSTAE</ROLLNAME>
     <ADMINFIELD>0</ADMINFIELD>
     <COMPTYPE>E</COMPTYPE>
    </DD03P>
    <DD03P>
     <TABNAME>ZSPPP_STPOX_I</TABNAME>
     <FIELDNAME>MSTDE</FIELDNAME>
     <POSITION>0033</POSITION>
     <ROLLNAME>MSTDE</ROLLNAME>
     <ADMINFIELD>0</ADMINFIELD>
     <SHLPORIGIN>T</SHLPORIGIN>
     <COMPTYPE>E</COMPTYPE>
    </DD03P>
    <DD03P>
     <TABNAME>ZSPPP_STPOX_I</TABNAME>
     <FIELDNAME>ZEINR</FIELDNAME>
     <POSITION>0034</POSITION>
     <ROLLNAME>DZEINR</ROLLNAME>
     <ADMINFIELD>0</ADMINFIELD>
     <COMPTYPE>E</COMPTYPE>
    </DD03P>
    <DD03P>
     <TABNAME>ZSPPP_STPOX_I</TABNAME>
     <FIELDNAME>ZEIVR</FIELDNAME>
     <POSITION>0035</POSITION>
     <ROLLNAME>DZEIVR</ROLLNAME>
     <ADMINFIELD>0</ADMINFIELD>
     <COMPTYPE>E</COMPTYPE>
    </DD03P>
    <DD03P>
     <TABNAME>ZSPPP_STPOX_I</TABNAME>
     <FIELDNAME>ZEIAR</FIELDNAME>
     <POSITION>0036</POSITION>
     <ROLLNAME>DZEIAR</ROLLNAME>
     <ADMINFIELD>0</ADMINFIELD>
     <COMPTYPE>E</COMPTYPE>
    </DD03P>
    <DD03P>
     <TABNAME>ZSPPP_STPOX_I</TABNAME>
     <FIELDNAME>ZEIFO</FIELDNAME>
     <POSITION>0037</POSITION>
     <ROLLNAME>DZEIFO</ROLLNAME>
     <ADMINFIELD>0</ADMINFIELD>
     <COMPTYPE>E</COMPTYPE>
    </DD03P>
    <DD03P>
     <TABNAME>ZSPPP_STPOX_I</TABNAME>
     <FIELDNAME>BLATT</FIELDNAME>
     <POSITION>0038</POSITION>
     <ROLLNAME>BLATT</ROLLNAME>
     <ADMINFIELD>0</ADMINFIELD>
     <COMPTYPE>E</COMPTYPE>
    </DD03P>
    <DD03P>
     <TABNAME>ZSPPP_STPOX_I</TABNAME>
     <FIELDNAME>BLANZ</FIELDNAME>
     <POSITION>0039</POSITION>
     <ROLLNAME>BLANZ</ROLLNAME>
     <ADMINFIELD>0</ADMINFIELD>
     <COMPTYPE>E</COMPTYPE>
    </DD03P>
    <DD03P>
     <TABNAME>ZSPPP_STPOX_I</TABNAME>
     <FIELDNAME>DISST</FIELDNAME>
     <POSITION>0040</POSITION>
     <ROLLNAME>DISST</ROLLNAME>
     <ADMINFIELD>0</ADMINFIELD>
     <COMPTYPE>E</COMPTYPE>
    </DD03P>
    <DD03P>
     <TABNAME>ZSPPP_STPOX_I</TABNAME>
     <FIELDNAME>DISMM</FIELDNAME>
     <POSITION>0041</POSITION>
     <ROLLNAME>DISMM</ROLLNAME>
     <ADMINFIELD>0</ADMINFIELD>
     <COMPTYPE>E</COMPTYPE>
    </DD03P>
    <DD03P>
     <TABNAME>ZSPPP_STPOX_I</TABNAME>
     <FIELDNAME>SERNP</FIELDNAME>
     <POSITION>0042</POSITION>
     <ROLLNAME>SERAIL</ROLLNAME>
     <ADMINFIELD>0</ADMINFIELD>
     <COMPTYPE>E</COMPTYPE>
    </DD03P>
    <DD03P>
     <TABNAME>ZSPPP_STPOX_I</TABNAME>
     <FIELDNAME>MNGLG</FIELDNAME>
     <POSITION>0043</POSITION>
     <ROLLNAME>CS_E_MNGLG</ROLLNAME>
     <ADMINFIELD>0</ADMINFIELD>
     <REFTABLE>MARA</REFTABLE>
     <REFFIELD>MEINS</REFFIELD>
     <COMPTYPE>E</COMPTYPE>
    </DD03P>
    <DD03P>
     <TABNAME>ZSPPP_STPOX_I</TABNAME>
     <FIELDNAME>MNGKO</FIELDNAME>
     <POSITION>0044</POSITION>
     <ROLLNAME>CS_E_MNGKO</ROLLNAME>
     <ADMINFIELD>0</ADMINFIELD>
     <REFTABLE>MARA</REFTABLE>
     <REFFIELD>MEINS</REFFIELD>
     <COMPTYPE>E</COMPTYPE>
    </DD03P>
    <DD03P>
     <TABNAME>ZSPPP_STPOX_I</TABNAME>
     <FIELDNAME>MSIGN</FIELDNAME>
     <POSITION>0045</POSITION>
     <ROLLNAME>CS_E_MSIGN</ROLLNAME>
     <ADMINFIELD>0</ADMINFIELD>
     <VALEXI>X</VALEXI>
     <SHLPORIGIN>F</SHLPORIGIN>
     <COMPTYPE>E</COMPTYPE>
    </DD03P>
    <DD03P>
     <TABNAME>ZSPPP_STPOX_I</TABNAME>
     <FIELDNAME>AUSSS</FIELDNAME>
     <POSITION>0046</POSITION>
     <ROLLNAME>CS_E_AUSSS</ROLLNAME>
     <ADMINFIELD>0</ADMINFIELD>
     <COMPTYPE>E</COMPTYPE>
    </DD03P>
    <DD03P>
     <TABNAME>ZSPPP_STPOX_I</TABNAME>
     <FIELDNAME>KAUSF</FIELDNAME>
     <POSITION>0047</POSITION>
     <ROLLNAME>CS_E_KAUSF</ROLLNAME>
     <ADMINFIELD>0</ADMINFIELD>
     <COMPTYPE>E</COMPTYPE>
    </DD03P>
    <DD03P>
     <TABNAME>ZSPPP_STPOX_I</TABNAME>
     <FIELDNAME>SOBSL</FIELDNAME>
     <POSITION>0048</POSITION>
     <ROLLNAME>SOBSL</ROLLNAME>
     <ADMINFIELD>0</ADMINFIELD>
     <COMPTYPE>E</COMPTYPE>
    </DD03P>
    <DD03P>
     <TABNAME>ZSPPP_STPOX_I</TABNAME>
     <FIELDNAME>SOBSK</FIELDNAME>
     <POSITION>0049</POSITION>
     <ROLLNAME>CK_SOBSL</ROLLNAME>
     <ADMINFIELD>0</ADMINFIELD>
     <COMPTYPE>E</COMPTYPE>
    </DD03P>
    <DD03P>
     <TABNAME>ZSPPP_STPOX_I</TABNAME>
     <FIELDNAME>KZAUS</FIELDNAME>
     <POSITION>0050</POSITION>
     <ROLLNAME>KZAUS</ROLLNAME>
     <ADMINFIELD>0</ADMINFIELD>
     <VALEXI>X</VALEXI>
     <SHLPORIGIN>F</SHLPORIGIN>
     <COMPTYPE>E</COMPTYPE>
    </DD03P>
    <DD03P>
     <TABNAME>ZSPPP_STPOX_I</TABNAME>
     <FIELDNAME>AUSDT</FIELDNAME>
     <POSITION>0051</POSITION>
     <ROLLNAME>AUSDT</ROLLNAME>
     <ADMINFIELD>0</ADMINFIELD>
     <SHLPORIGIN>T</SHLPORIGIN>
     <COMPTYPE>E</COMPTYPE>
    </DD03P>
    <DD03P>
     <TABNAME>ZSPPP_STPOX_I</TABNAME>
     <FIELDNAME>NFMAT</FIELDNAME>
     <POSITION>0052</POSITION>
     <ROLLNAME>NFMAT</ROLLNAME>
     <ADMINFIELD>0</ADMINFIELD>
     <COMPTYPE>E</COMPTYPE>
    </DD03P>
    <DD03P>
     <TABNAME>ZSPPP_STPOX_I</TABNAME>
     <FIELDNAME>RGEKZ</FIELDNAME>
     <POSITION>0053</POSITION>
     <ROLLNAME>RGEKZ</ROLLNAME>
     <ADMINFIELD>0</ADMINFIELD>
     <VALEXI>X</VALEXI>
     <SHLPORIGIN>F</SHLPORIGIN>
     <COMPTYPE>E</COMPTYPE>
    </DD03P>
    <DD03P>
     <TABNAME>ZSPPP_STPOX_I</TABNAME>
     <FIELDNAME>KZDKZ</FIELDNAME>
     <POSITION>0054</POSITION>
     <ROLLNAME>KZDKZ</ROLLNAME>
     <ADMINFIELD>0</ADMINFIELD>
     <VALEXI>X</VALEXI>
     <SHLPORIGIN>F</SHLPORIGIN>
     <COMPTYPE>E</COMPTYPE>
    </DD03P>
    <DD03P>
     <TABNAME>ZSPPP_STPOX_I</TABNAME>
     <FIELDNAME>UMREZ</FIELDNAME>
     <POSITION>0055</POSITION>
     <ROLLNAME>UMREZ</ROLLNAME>
     <ADMINFIELD>0</ADMINFIELD>
     <COMPTYPE>E</COMPTYPE>
    </DD03P>
    <DD03P>
     <TABNAME>ZSPPP_STPOX_I</TABNAME>
     <FIELDNAME>UMREN</FIELDNAME>
     <POSITION>0056</POSITION>
     <ROLLNAME>UMREN</ROLLNAME>
     <ADMINFIELD>0</ADMINFIELD>
     <COMPTYPE>E</COMPTYPE>
    </DD03P>
    <DD03P>
     <TABNAME>ZSPPP_STPOX_I</TABNAME>
     <FIELDNAME>LGPRO</FIELDNAME>
     <POSITION>0057</POSITION>
     <ROLLNAME>LGPRO</ROLLNAME>
     <ADMINFIELD>0</ADMINFIELD>
     <COMPTYPE>E</COMPTYPE>
    </DD03P>
    <DD03P>
     <TABNAME>ZSPPP_STPOX_I</TABNAME>
     <FIELDNAME>PRCTR</FIELDNAME>
     <POSITION>0058</POSITION>
     <ROLLNAME>PRCTR</ROLLNAME>
     <ADMINFIELD>0</ADMINFIELD>
     <SHLPORIGIN>D</SHLPORIGIN>
     <COMPTYPE>E</COMPTYPE>
    </DD03P>
    <DD03P>
     <TABNAME>ZSPPP_STPOX_I</TABNAME>
     <FIELDNAME>REVLV</FIELDNAME>
     <POSITION>0059</POSITION>
     <ROLLNAME>REVLV</ROLLNAME>
     <ADMINFIELD>0</ADMINFIELD>
     <COMPTYPE>E</COMPTYPE>
    </DD03P>
    <DD03P>
     <TABNAME>ZSPPP_STPOX_I</TABNAME>
     <FIELDNAME>KZEFF</FIELDNAME>
     <POSITION>0060</POSITION>
     <ROLLNAME>CC_MTEFF</ROLLNAME>
     <ADMINFIELD>0</ADMINFIELD>
     <VALEXI>X</VALEXI>
     <SHLPORIGIN>F</SHLPORIGIN>
     <COMPTYPE>E</COMPTYPE>
    </DD03P>
    <DD03P>
     <TABNAME>ZSPPP_STPOX_I</TABNAME>
     <FIELDNAME>KZKFG</FIELDNAME>
     <POSITION>0061</POSITION>
     <ROLLNAME>KZKFG</ROLLNAME>
     <ADMINFIELD>0</ADMINFIELD>
     <VALEXI>X</VALEXI>
     <SHLPORIGIN>F</SHLPORIGIN>
     <COMPTYPE>E</COMPTYPE>
    </DD03P>
    <DD03P>
     <TABNAME>ZSPPP_STPOX_I</TABNAME>
     <FIELDNAME>MCUOB</FIELDNAME>
     <POSITION>0062</POSITION>
     <ROLLNAME>CS_E_MCUOB</ROLLNAME>
     <ADMINFIELD>0</ADMINFIELD>
     <COMPTYPE>E</COMPTYPE>
    </DD03P>
    <DD03P>
     <TABNAME>ZSPPP_STPOX_I</TABNAME>
     <FIELDNAME>CUOBJ</FIELDNAME>
     <POSITION>0063</POSITION>
     <ROLLNAME>CUOBJ</ROLLNAME>
     <ADMINFIELD>0</ADMINFIELD>
     <COMPTYPE>E</COMPTYPE>
    </DD03P>
    <DD03P>
     <TABNAME>ZSPPP_STPOX_I</TABNAME>
     <FIELDNAME>NCONF</FIELDNAME>
     <POSITION>0064</POSITION>
     <ROLLNAME>NCONF</ROLLNAME>
     <ADMINFIELD>0</ADMINFIELD>
     <VALEXI>X</VALEXI>
     <SHLPORIGIN>F</SHLPORIGIN>
     <COMPTYPE>E</COMPTYPE>
    </DD03P>
    <DD03P>
     <TABNAME>ZSPPP_STPOX_I</TABNAME>
     <FIELDNAME>FBSKZ</FIELDNAME>
     <POSITION>0065</POSITION>
     <ROLLNAME>FBSKZ</ROLLNAME>
     <ADMINFIELD>0</ADMINFIELD>
     <VALEXI>X</VALEXI>
     <SHLPORIGIN>F</SHLPORIGIN>
     <COMPTYPE>E</COMPTYPE>
    </DD03P>
    <DD03P>
     <TABNAME>ZSPPP_STPOX_I</TABNAME>
     <FIELDNAME>STAWN</FIELDNAME>
     <POSITION>0066</POSITION>
     <ROLLNAME>STAWN</ROLLNAME>
     <ADMINFIELD>0</ADMINFIELD>
     <COMPTYPE>E</COMPTYPE>
    </DD03P>
    <DD03P>
     <TABNAME>ZSPPP_STPOX_I</TABNAME>
     <FIELDNAME>PREFE</FIELDNAME>
     <POSITION>0067</POSITION>
     <ROLLNAME>PREFE</ROLLNAME>
     <ADMINFIELD>0</ADMINFIELD>
     <VALEXI>X</VALEXI>
     <SHLPORIGIN>F</SHLPORIGIN>
     <COMPTYPE>E</COMPTYPE>
    </DD03P>
    <DD03P>
     <TABNAME>ZSPPP_STPOX_I</TABNAME>
     <FIELDNAME>MSCHG</FIELDNAME>
     <POSITION>0068</POSITION>
     <ROLLNAME>CS_E_MSCHG</ROLLNAME>
     <ADMINFIELD>0</ADMINFIELD>
     <VALEXI>X</VALEXI>
     <SHLPORIGIN>F</SHLPORIGIN>
     <COMPTYPE>E</COMPTYPE>
    </DD03P>
    <DD03P>
     <TABNAME>ZSPPP_STPOX_I</TABNAME>
     <FIELDNAME>FXPRU</FIELDNAME>
     <POSITION>0069</POSITION>
     <ROLLNAME>CK_FIXPRKU</ROLLNAME>
     <ADMINFIELD>0</ADMINFIELD>
     <VALEXI>X</VALEXI>
     <SHLPORIGIN>F</SHLPORIGIN>
     <COMPTYPE>E</COMPTYPE>
    </DD03P>
    <DD03P>
     <TABNAME>ZSPPP_STPOX_I</TABNAME>
     <FIELDNAME>MATMK</FIELDNAME>
     <POSITION>0070</POSITION>
     <ROLLNAME>MATKL</ROLLNAME>
     <ADMINFIELD>0</ADMINFIELD>
     <SHLPORIGIN>D</SHLPORIGIN>
     <COMPTYPE>E</COMPTYPE>
    </DD03P>
    <DD03P>
     <TABNAME>ZSPPP_STPOX_I</TABNAME>
     <FIELDNAME>STABK</FIELDNAME>
     <POSITION>0071</POSITION>
     <ROLLNAME>STABK</ROLLNAME>
     <ADMINFIELD>0</ADMINFIELD>
     <COMPTYPE>E</COMPTYPE>
    </DD03P>
    <DD03P>
     <TABNAME>ZSPPP_STPOX_I</TABNAME>
     <FIELDNAME>DOSTX</FIELDNAME>
     <POSITION>0072</POSITION>
     <ROLLNAME>DOSTX</ROLLNAME>
     <ADMINFIELD>0</ADMINFIELD>
     <COMPTYPE>E</COMPTYPE>
    </DD03P>
    <DD03P>
     <TABNAME>ZSPPP_STPOX_I</TABNAME>
     <FIELDNAME>STLTY</FIELDNAME>
     <POSITION>0073</POSITION>
     <ROLLNAME>STLTY</ROLLNAME>
     <ADMINFIELD>0</ADMINFIELD>
     <VALEXI>X</VALEXI>
     <SHLPORIGIN>F</SHLPORIGIN>
     <COMPTYPE>E</COMPTYPE>
    </DD03P>
    <DD03P>
     <TABNAME>ZSPPP_STPOX_I</TABNAME>
     <FIELDNAME>STLNR</FIELDNAME>
     <POSITION>0074</POSITION>
     <ROLLNAME>STNUM</ROLLNAME>
     <ADMINFIELD>0</ADMINFIELD>
     <SHLPORIGIN>D</SHLPORIGIN>
     <COMPTYPE>E</COMPTYPE>
    </DD03P>
    <DD03P>
     <TABNAME>ZSPPP_STPOX_I</TABNAME>
     <FIELDNAME>STLKN</FIELDNAME>
     <POSITION>0075</POSITION>
     <ROLLNAME>STLKN</ROLLNAME>
     <ADMINFIELD>0</ADMINFIELD>
     <COMPTYPE>E</COMPTYPE>
    </DD03P>
    <DD03P>
     <TABNAME>ZSPPP_STPOX_I</TABNAME>
     <FIELDNAME>STPOZ</FIELDNAME>
     <POSITION>0076</POSITION>
     <ROLLNAME>CIM_COUNT</ROLLNAME>
     <ADMINFIELD>0</ADMINFIELD>
     <COMPTYPE>E</COMPTYPE>
    </DD03P>
    <DD03P>
     <TABNAME>ZSPPP_STPOX_I</TABNAME>
     <FIELDNAME>STVKN</FIELDNAME>
     <POSITION>0077</POSITION>
     <ROLLNAME>STVKN</ROLLNAME>
     <ADMINFIELD>0</ADMINFIELD>
     <COMPTYPE>E</COMPTYPE>
    </DD03P>
    <DD03P>
     <TABNAME>ZSPPP_STPOX_I</TABNAME>
     <FIELDNAME>DATUV</FIELDNAME>
     <POSITION>0078</POSITION>
     <ROLLNAME>DTVON</ROLLNAME>
     <ADMINFIELD>0</ADMINFIELD>
     <SHLPORIGIN>T</SHLPORIGIN>
     <COMPTYPE>E</COMPTYPE>
    </DD03P>
    <DD03P>
     <TABNAME>ZSPPP_STPOX_I</TABNAME>
     <FIELDNAME>TECHV</FIELDNAME>
     <POSITION>0079</POSITION>
     <ROLLNAME>TECHV</ROLLNAME>
     <ADMINFIELD>0</ADMINFIELD>
     <COMPTYPE>E</COMPTYPE>
    </DD03P>
    <DD03P>
     <TABNAME>ZSPPP_STPOX_I</TABNAME>
     <FIELDNAME>AENNR</FIELDNAME>
     <POSITION>0080</POSITION>
     <ROLLNAME>AENNR</ROLLNAME>
     <ADMINFIELD>0</ADMINFIELD>
     <COMPTYPE>E</COMPTYPE>
    </DD03P>
    <DD03P>
     <TABNAME>ZSPPP_STPOX_I</TABNAME>
     <FIELDNAME>ANDAT</FIELDNAME>
     <POSITION>0081</POSITION>
     <ROLLNAME>ANDAT</ROLLNAME>
     <ADMINFIELD>0</ADMINFIELD>
     <SHLPORIGIN>T</SHLPORIGIN>
     <COMPTYPE>E</COMPTYPE>
    </DD03P>
    <DD03P>
     <TABNAME>ZSPPP_STPOX_I</TABNAME>
     <FIELDNAME>ANNAM</FIELDNAME>
     <POSITION>0082</POSITION>
     <ROLLNAME>ANNAM</ROLLNAME>
     <ADMINFIELD>0</ADMINFIELD>
     <COMPTYPE>E</COMPTYPE>
    </DD03P>
    <DD03P>
     <TABNAME>ZSPPP_STPOX_I</TABNAME>
     <FIELDNAME>AEDAT</FIELDNAME>
     <POSITION>0083</POSITION>
     <ROLLNAME>AEDAT</ROLLNAME>
     <ADMINFIELD>0</ADMINFIELD>
     <SHLPORIGIN>T</SHLPORIGIN>
     <COMPTYPE>E</COMPTYPE>
    </DD03P>
    <DD03P>
     <TABNAME>ZSPPP_STPOX_I</TABNAME>
     <FIELDNAME>AENAM</FIELDNAME>
     <POSITION>0084</POSITION>
     <ROLLNAME>AENAM</ROLLNAME>
     <ADMINFIELD>0</ADMINFIELD>
     <COMPTYPE>E</COMPTYPE>
    </DD03P>
    <DD03P>
     <TABNAME>ZSPPP_STPOX_I</TABNAME>
     <FIELDNAME>IDNRK</FIELDNAME>
     <POSITION>0085</POSITION>
     <ROLLNAME>IDNRK</ROLLNAME>
     <ADMINFIELD>0</ADMINFIELD>
     <COMPTYPE>E</COMPTYPE>
    </DD03P>
    <DD03P>
     <TABNAME>ZSPPP_STPOX_I</TABNAME>
     <FIELDNAME>PSWRK</FIELDNAME>
     <POSITION>0086</POSITION>
     <ROLLNAME>PSWRK</ROLLNAME>
     <ADMINFIELD>0</ADMINFIELD>
     <COMPTYPE>E</COMPTYPE>
    </DD03P>
    <DD03P>
     <TABNAME>ZSPPP_STPOX_I</TABNAME>
     <FIELDNAME>POSTP</FIELDNAME>
     <POSITION>0087</POSITION>
     <ROLLNAME>PSITP</ROLLNAME>
     <ADMINFIELD>0</ADMINFIELD>
     <COMPTYPE>E</COMPTYPE>
    </DD03P>
    <DD03P>
     <TABNAME>ZSPPP_STPOX_I</TABNAME>
     <FIELDNAME>POSNR</FIELDNAME>
     <POSITION>0088</POSITION>
     <ROLLNAME>SPOSN</ROLLNAME>
     <ADMINFIELD>0</ADMINFIELD>
     <COMPTYPE>E</COMPTYPE>
    </DD03P>
    <DD03P>
     <TABNAME>ZSPPP_STPOX_I</TABNAME>
     <FIELDNAME>SORTF</FIELDNAME>
     <POSITION>0089</POSITION>
     <ROLLNAME>SORTP</ROLLNAME>
     <ADMINFIELD>0</ADMINFIELD>
     <COMPTYPE>E</COMPTYPE>
    </DD03P>
    <DD03P>
     <TABNAME>ZSPPP_STPOX_I</TABNAME>
     <FIELDNAME>MEINS</FIELDNAME>
     <POSITION>0090</POSITION>
     <ROLLNAME>KMPME</ROLLNAME>
     <ADMINFIELD>0</ADMINFIELD>
     <COMPTYPE>E</COMPTYPE>
    </DD03P>
    <DD03P>
     <TABNAME>ZSPPP_STPOX_I</TABNAME>
     <FIELDNAME>MENGE</FIELDNAME>
     <POSITION>0091</POSITION>
     <ROLLNAME>KMPMG</ROLLNAME>
     <ADMINFIELD>0</ADMINFIELD>
     <REFTABLE>STPO</REFTABLE>
     <REFFIELD>MEINS</REFFIELD>
     <COMPTYPE>E</COMPTYPE>
    </DD03P>
    <DD03P>
     <TABNAME>ZSPPP_STPOX_I</TABNAME>
     <FIELDNAME>FMENG</FIELDNAME>
     <POSITION>0092</POSITION>
     <ROLLNAME>FMNGE</ROLLNAME>
     <ADMINFIELD>0</ADMINFIELD>
     <VALEXI>X</VALEXI>
     <SHLPORIGIN>F</SHLPORIGIN>
     <COMPTYPE>E</COMPTYPE>
    </DD03P>
    <DD03P>
     <TABNAME>ZSPPP_STPOX_I</TABNAME>
     <FIELDNAME>AUSCH</FIELDNAME>
     <POSITION>0093</POSITION>
     <ROLLNAME>CS_E_AUSCH</ROLLNAME>
     <ADMINFIELD>0</ADMINFIELD>
     <COMPTYPE>E</COMPTYPE>
    </DD03P>
    <DD03P>
     <TABNAME>ZSPPP_STPOX_I</TABNAME>
     <FIELDNAME>AVOAU</FIELDNAME>
     <POSITION>0094</POSITION>
     <ROLLNAME>AVOAU</ROLLNAME>
     <ADMINFIELD>0</ADMINFIELD>
     <COMPTYPE>E</COMPTYPE>
    </DD03P>
    <DD03P>
     <TABNAME>ZSPPP_STPOX_I</TABNAME>
     <FIELDNAME>NETAU</FIELDNAME>
     <POSITION>0095</POSITION>
     <ROLLNAME>NETAU</ROLLNAME>
     <ADMINFIELD>0</ADMINFIELD>
     <VALEXI>X</VALEXI>
     <SHLPORIGIN>F</SHLPORIGIN>
     <COMPTYPE>E</COMPTYPE>
    </DD03P>
    <DD03P>
     <TABNAME>ZSPPP_STPOX_I</TABNAME>
     <FIELDNAME>SCHGT</FIELDNAME>
     <POSITION>0096</POSITION>
     <ROLLNAME>SCHGT</ROLLNAME>
     <ADMINFIELD>0</ADMINFIELD>
     <VALEXI>X</VALEXI>
     <SHLPORIGIN>F</SHLPORIGIN>
     <COMPTYPE>E</COMPTYPE>
    </DD03P>
    <DD03P>
     <TABNAME>ZSPPP_STPOX_I</TABNAME>
     <FIELDNAME>BEIKZ</FIELDNAME>
     <POSITION>0097</POSITION>
     <ROLLNAME>BEIKZ</ROLLNAME>
     <ADMINFIELD>0</ADMINFIELD>
     <COMPTYPE>E</COMPTYPE>
    </DD03P>
    <DD03P>
     <TABNAME>ZSPPP_STPOX_I</TABNAME>
     <FIELDNAME>ERSKZ</FIELDNAME>
     <POSITION>0098</POSITION>
     <ROLLNAME>ERSKZ</ROLLNAME>
     <ADMINFIELD>0</ADMINFIELD>
     <COMPTYPE>E</COMPTYPE>
    </DD03P>
    <DD03P>
     <TABNAME>ZSPPP_STPOX_I</TABNAME>
     <FIELDNAME>RVREL</FIELDNAME>
     <POSITION>0099</POSITION>
     <ROLLNAME>RVREL</ROLLNAME>
     <ADMINFIELD>0</ADMINFIELD>
     <COMPTYPE>E</COMPTYPE>
    </DD03P>
    <DD03P>
     <TABNAME>ZSPPP_STPOX_I</TABNAME>
     <FIELDNAME>SANFE</FIELDNAME>
     <POSITION>0100</POSITION>
     <ROLLNAME>SANFE</ROLLNAME>
     <ADMINFIELD>0</ADMINFIELD>
     <VALEXI>X</VALEXI>
     <SHLPORIGIN>F</SHLPORIGIN>
     <COMPTYPE>E</COMPTYPE>
    </DD03P>
    <DD03P>
     <TABNAME>ZSPPP_STPOX_I</TABNAME>
     <FIELDNAME>SANIN</FIELDNAME>
     <POSITION>0101</POSITION>
     <ROLLNAME>SANIN</ROLLNAME>
     <ADMINFIELD>0</ADMINFIELD>
     <VALEXI>X</VALEXI>
     <SHLPORIGIN>F</SHLPORIGIN>
     <COMPTYPE>E</COMPTYPE>
    </DD03P>
    <DD03P>
     <TABNAME>ZSPPP_STPOX_I</TABNAME>
     <FIELDNAME>SANKA</FIELDNAME>
     <POSITION>0102</POSITION>
     <ROLLNAME>CK_SELKZ</ROLLNAME>
     <ADMINFIELD>0</ADMINFIELD>
     <COMPTYPE>E</COMPTYPE>
    </DD03P>
    <DD03P>
     <TABNAME>ZSPPP_STPOX_I</TABNAME>
     <FIELDNAME>SANKO</FIELDNAME>
     <POSITION>0103</POSITION>
     <ROLLNAME>SANKO</ROLLNAME>
     <ADMINFIELD>0</ADMINFIELD>
     <VALEXI>X</VALEXI>
     <SHLPORIGIN>F</SHLPORIGIN>
     <COMPTYPE>E</COMPTYPE>
    </DD03P>
    <DD03P>
     <TABNAME>ZSPPP_STPOX_I</TABNAME>
     <FIELDNAME>SANVS</FIELDNAME>
     <POSITION>0104</POSITION>
     <ROLLNAME>SANVS</ROLLNAME>
     <ADMINFIELD>0</ADMINFIELD>
     <VALEXI>X</VALEXI>
     <SHLPORIGIN>F</SHLPORIGIN>
     <COMPTYPE>E</COMPTYPE>
    </DD03P>
    <DD03P>
     <TABNAME>ZSPPP_STPOX_I</TABNAME>
     <FIELDNAME>STKKZ</FIELDNAME>
     <POSITION>0105</POSITION>
     <ROLLNAME>STKKZ</ROLLNAME>
     <ADMINFIELD>0</ADMINFIELD>
     <VALEXI>X</VALEXI>
     <SHLPORIGIN>F</SHLPORIGIN>
     <COMPTYPE>E</COMPTYPE>
    </DD03P>
    <DD03P>
     <TABNAME>ZSPPP_STPOX_I</TABNAME>
     <FIELDNAME>REKRI</FIELDNAME>
     <POSITION>0106</POSITION>
     <ROLLNAME>REKRI</ROLLNAME>
     <ADMINFIELD>0</ADMINFIELD>
     <VALEXI>X</VALEXI>
     <SHLPORIGIN>F</SHLPORIGIN>
     <COMPTYPE>E</COMPTYPE>
    </DD03P>
    <DD03P>
     <TABNAME>ZSPPP_STPOX_I</TABNAME>
     <FIELDNAME>REKRS</FIELDNAME>
     <POSITION>0107</POSITION>
     <ROLLNAME>REKRS</ROLLNAME>
     <ADMINFIELD>0</ADMINFIELD>
     <VALEXI>X</VALEXI>
     <SHLPORIGIN>F</SHLPORIGIN>
     <COMPTYPE>E</COMPTYPE>
    </DD03P>
    <DD03P>
     <TABNAME>ZSPPP_STPOX_I</TABNAME>
     <FIELDNAME>CADPO</FIELDNAME>
     <POSITION>0108</POSITION>
     <ROLLNAME>CADPO</ROLLNAME>
     <ADMINFIELD>0</ADMINFIELD>
     <VALEXI>X</VALEXI>
     <SHLPORIGIN>F</SHLPORIGIN>
     <COMPTYPE>E</COMPTYPE>
    </DD03P>
    <DD03P>
     <TABNAME>ZSPPP_STPOX_I</TABNAME>
     <FIELDNAME>NLFZT</FIELDNAME>
     <POSITION>0109</POSITION>
     <ROLLNAME>NLFZT</ROLLNAME>
     <ADMINFIELD>0</ADMINFIELD>
     <COMPTYPE>E</COMPTYPE>
    </DD03P>
    <DD03P>
     <TABNAME>ZSPPP_STPOX_I</TABNAME>
     <FIELDNAME>NLFZV</FIELDNAME>
     <POSITION>0110</POSITION>
     <ROLLNAME>CS_NLFZV</ROLLNAME>
     <ADMINFIELD>0</ADMINFIELD>
     <COMPTYPE>E</COMPTYPE>
    </DD03P>
    <DD03P>
     <TABNAME>ZSPPP_STPOX_I</TABNAME>
     <FIELDNAME>NLFMV</FIELDNAME>
     <POSITION>0111</POSITION>
     <ROLLNAME>CS_NLFMV</ROLLNAME>
     <ADMINFIELD>0</ADMINFIELD>
     <COMPTYPE>E</COMPTYPE>
    </DD03P>
    <DD03P>
     <TABNAME>ZSPPP_STPOX_I</TABNAME>
     <FIELDNAME>VERTI</FIELDNAME>
     <POSITION>0112</POSITION>
     <ROLLNAME>SA_VERTI</ROLLNAME>
     <ADMINFIELD>0</ADMINFIELD>
     <COMPTYPE>E</COMPTYPE>
    </DD03P>
    <DD03P>
     <TABNAME>ZSPPP_STPOX_I</TABNAME>
     <FIELDNAME>ALPOS</FIELDNAME>
     <POSITION>0113</POSITION>
     <ROLLNAME>ALPOS</ROLLNAME>
     <ADMINFIELD>0</ADMINFIELD>
     <VALEXI>X</VALEXI>
     <SHLPORIGIN>F</SHLPORIGIN>
     <COMPTYPE>E</COMPTYPE>
    </DD03P>
    <DD03P>
     <TABNAME>ZSPPP_STPOX_I</TABNAME>
     <FIELDNAME>EWAHR</FIELDNAME>
     <POSITION>0114</POSITION>
     <ROLLNAME>EWAHR</ROLLNAME>
     <ADMINFIELD>0</ADMINFIELD>
     <COMPTYPE>E</COMPTYPE>
    </DD03P>
    <DD03P>
     <TABNAME>ZSPPP_STPOX_I</TABNAME>
     <FIELDNAME>EKGRP</FIELDNAME>
     <POSITION>0115</POSITION>
     <ROLLNAME>EKGRP</ROLLNAME>
     <ADMINFIELD>0</ADMINFIELD>
     <COMPTYPE>E</COMPTYPE>
    </DD03P>
    <DD03P>
     <TABNAME>ZSPPP_STPOX_I</TABNAME>
     <FIELDNAME>LIFZT</FIELDNAME>
     <POSITION>0116</POSITION>
     <ROLLNAME>LIFZT</ROLLNAME>
     <ADMINFIELD>0</ADMINFIELD>
     <COMPTYPE>E</COMPTYPE>
    </DD03P>
    <DD03P>
     <TABNAME>ZSPPP_STPOX_I</TABNAME>
     <FIELDNAME>LIFNR</FIELDNAME>
     <POSITION>0117</POSITION>
     <ROLLNAME>LIFNR</ROLLNAME>
     <ADMINFIELD>0</ADMINFIELD>
     <SHLPORIGIN>D</SHLPORIGIN>
     <COMPTYPE>E</COMPTYPE>
    </DD03P>
    <DD03P>
     <TABNAME>ZSPPP_STPOX_I</TABNAME>
     <FIELDNAME>PREIS</FIELDNAME>
     <POSITION>0118</POSITION>
     <ROLLNAME>CPREI</ROLLNAME>
     <ADMINFIELD>0</ADMINFIELD>
     <REFTABLE>T001</REFTABLE>
     <REFFIELD>WAERS</REFFIELD>
     <COMPTYPE>E</COMPTYPE>
    </DD03P>
    <DD03P>
     <TABNAME>ZSPPP_STPOX_I</TABNAME>
     <FIELDNAME>PEINH</FIELDNAME>
     <POSITION>0119</POSITION>
     <ROLLNAME>PEINH</ROLLNAME>
     <ADMINFIELD>0</ADMINFIELD>
     <COMPTYPE>E</COMPTYPE>
    </DD03P>
    <DD03P>
     <TABNAME>ZSPPP_STPOX_I</TABNAME>
     <FIELDNAME>WAERS</FIELDNAME>
     <POSITION>0120</POSITION>
     <ROLLNAME>WAERS</ROLLNAME>
     <ADMINFIELD>0</ADMINFIELD>
     <COMPTYPE>E</COMPTYPE>
    </DD03P>
    <DD03P>
     <TABNAME>ZSPPP_STPOX_I</TABNAME>
     <FIELDNAME>SAKTO</FIELDNAME>
     <POSITION>0121</POSITION>
     <ROLLNAME>SAKTO</ROLLNAME>
     <ADMINFIELD>0</ADMINFIELD>
     <COMPTYPE>E</COMPTYPE>
    </DD03P>
    <DD03P>
     <TABNAME>ZSPPP_STPOX_I</TABNAME>
     <FIELDNAME>ROANZ</FIELDNAME>
     <POSITION>0122</POSITION>
     <ROLLNAME>ROANZ</ROLLNAME>
     <ADMINFIELD>0</ADMINFIELD>
     <REFTABLE>RC29P</REFTABLE>
     <REFFIELD>ROAME</REFFIELD>
     <COMPTYPE>E</COMPTYPE>
    </DD03P>
    <DD03P>
     <TABNAME>ZSPPP_STPOX_I</TABNAME>
     <FIELDNAME>ROMS1</FIELDNAME>
     <POSITION>0123</POSITION>
     <ROLLNAME>ROMS1</ROLLNAME>
     <ADMINFIELD>0</ADMINFIELD>
     <REFTABLE>STPO</REFTABLE>
     <REFFIELD>ROMEI</REFFIELD>
     <COMPTYPE>E</COMPTYPE>
    </DD03P>
    <DD03P>
     <TABNAME>ZSPPP_STPOX_I</TABNAME>
     <FIELDNAME>ROMS2</FIELDNAME>
     <POSITION>0124</POSITION>
     <ROLLNAME>ROMS2</ROLLNAME>
     <ADMINFIELD>0</ADMINFIELD>
     <REFTABLE>STPO</REFTABLE>
     <REFFIELD>ROMEI</REFFIELD>
     <COMPTYPE>E</COMPTYPE>
    </DD03P>
    <DD03P>
     <TABNAME>ZSPPP_STPOX_I</TABNAME>
     <FIELDNAME>ROMS3</FIELDNAME>
     <POSITION>0125</POSITION>
     <ROLLNAME>ROMS3</ROLLNAME>
     <ADMINFIELD>0</ADMINFIELD>
     <REFTABLE>STPO</REFTABLE>
     <REFFIELD>ROMEI</REFFIELD>
     <COMPTYPE>E</COMPTYPE>
    </DD03P>
    <DD03P>
     <TABNAME>ZSPPP_STPOX_I</TABNAME>
     <FIELDNAME>ROMEI</FIELDNAME>
     <POSITION>0126</POSITION>
     <ROLLNAME>ROMEI</ROLLNAME>
     <ADMINFIELD>0</ADMINFIELD>
     <COMPTYPE>E</COMPTYPE>
    </DD03P>
    <DD03P>
     <TABNAME>ZSPPP_STPOX_I</TABNAME>
     <FIELDNAME>ROMEN</FIELDNAME>
     <POSITION>0127</POSITION>
     <ROLLNAME>ROMEN</ROLLNAME>
     <ADMINFIELD>0</ADMINFIELD>
     <REFTABLE>STPO</REFTABLE>
     <REFFIELD>MEINS</REFFIELD>
     <COMPTYPE>E</COMPTYPE>
    </DD03P>
    <DD03P>
     <TABNAME>ZSPPP_STPOX_I</TABNAME>
     <FIELDNAME>RFORM</FIELDNAME>
     <POSITION>0128</POSITION>
     <ROLLNAME>RFORM</ROLLNAME>
     <ADMINFIELD>0</ADMINFIELD>
     <COMPTYPE>E</COMPTYPE>
    </DD03P>
    <DD03P>
     <TABNAME>ZSPPP_STPOX_I</TABNAME>
     <FIELDNAME>UPSKZ</FIELDNAME>
     <POSITION>0129</POSITION>
     <ROLLNAME>UPSKZ</ROLLNAME>
     <ADMINFIELD>0</ADMINFIELD>
     <VALEXI>X</VALEXI>
     <SHLPORIGIN>F</SHLPORIGIN>
     <COMPTYPE>E</COMPTYPE>
    </DD03P>
    <DD03P>
     <TABNAME>ZSPPP_STPOX_I</TABNAME>
     <FIELDNAME>LTXSP</FIELDNAME>
     <POSITION>0130</POSITION>
     <ROLLNAME>LTXSP</ROLLNAME>
     <ADMINFIELD>0</ADMINFIELD>
     <COMPTYPE>E</COMPTYPE>
     <LANGUFLAG>X</LANGUFLAG>
    </DD03P>
    <DD03P>
     <TABNAME>ZSPPP_STPOX_I</TABNAME>
     <FIELDNAME>POTX1</FIELDNAME>
     <POSITION>0131</POSITION>
     <ROLLNAME>POTX1</ROLLNAME>
     <ADMINFIELD>0</ADMINFIELD>
     <COMPTYPE>E</COMPTYPE>
    </DD03P>
    <DD03P>
     <TABNAME>ZSPPP_STPOX_I</TABNAME>
     <FIELDNAME>POTX2</FIELDNAME>
     <POSITION>0132</POSITION>
     <ROLLNAME>POTX2</ROLLNAME>
     <ADMINFIELD>0</ADMINFIELD>
     <COMPTYPE>E</COMPTYPE>
    </DD03P>
    <DD03P>
     <TABNAME>ZSPPP_STPOX_I</TABNAME>
     <FIELDNAME>OBJTY</FIELDNAME>
     <POSITION>0133</POSITION>
     <ROLLNAME>OBJTY</ROLLNAME>
     <ADMINFIELD>0</ADMINFIELD>
     <COMPTYPE>E</COMPTYPE>
    </DD03P>
    <DD03P>
     <TABNAME>ZSPPP_STPOX_I</TABNAME>
     <FIELDNAME>ITMMK</FIELDNAME>
     <POSITION>0134</POSITION>
     <ROLLNAME>MATKL</ROLLNAME>
     <ADMINFIELD>0</ADMINFIELD>
     <SHLPORIGIN>D</SHLPORIGIN>
     <COMPTYPE>E</COMPTYPE>
    </DD03P>
    <DD03P>
     <TABNAME>ZSPPP_STPOX_I</TABNAME>
     <FIELDNAME>WEBAZ</FIELDNAME>
     <POSITION>0135</POSITION>
     <ROLLNAME>WEBAZ</ROLLNAME>
     <ADMINFIELD>0</ADMINFIELD>
     <COMPTYPE>E</COMPTYPE>
    </DD03P>
    <DD03P>
     <TABNAME>ZSPPP_STPOX_I</TABNAME>
     <FIELDNAME>DOKAR</FIELDNAME>
     <POSITION>0136</POSITION>
     <ROLLNAME>DOKAR</ROLLNAME>
     <ADMINFIELD>0</ADMINFIELD>
     <COMPTYPE>E</COMPTYPE>
    </DD03P>
    <DD03P>
     <TABNAME>ZSPPP_STPOX_I</TABNAME>
     <FIELDNAME>DOKNR</FIELDNAME>
     <POSITION>0137</POSITION>
     <ROLLNAME>DOKNR</ROLLNAME>
     <ADMINFIELD>0</ADMINFIELD>
     <COMPTYPE>E</COMPTYPE>
    </DD03P>
    <DD03P>
     <TABNAME>ZSPPP_STPOX_I</TABNAME>
     <FIELDNAME>DOKVR</FIELDNAME>
     <POSITION>0138</POSITION>
     <ROLLNAME>DOKVR</ROLLNAME>
     <ADMINFIELD>0</ADMINFIELD>
     <COMPTYPE>E</COMPTYPE>
    </DD03P>
    <DD03P>
     <TABNAME>ZSPPP_STPOX_I</TABNAME>
     <FIELDNAME>DOKTL</FIELDNAME>
     <POSITION>0139</POSITION>
     <ROLLNAME>DOKTL_D</ROLLNAME>
     <ADMINFIELD>0</ADMINFIELD>
     <COMPTYPE>E</COMPTYPE>
    </DD03P>
    <DD03P>
     <TABNAME>ZSPPP_STPOX_I</TABNAME>
     <FIELDNAME>CSSTR</FIELDNAME>
     <POSITION>0140</POSITION>
     <ROLLNAME>CSSTR</ROLLNAME>
     <ADMINFIELD>0</ADMINFIELD>
     <COMPTYPE>E</COMPTYPE>
    </DD03P>
    <DD03P>
     <TABNAME>ZSPPP_STPOX_I</TABNAME>
     <FIELDNAME>CLASS</FIELDNAME>
     <POSITION>0141</POSITION>
     <ROLLNAME>KLASSE_D</ROLLNAME>
     <ADMINFIELD>0</ADMINFIELD>
     <COMPTYPE>E</COMPTYPE>
    </DD03P>
    <DD03P>
     <TABNAME>ZSPPP_STPOX_I</TABNAME>
     <FIELDNAME>KLART</FIELDNAME>
     <POSITION>0142</POSITION>
     <ROLLNAME>KLASSENART</ROLLNAME>
     <ADMINFIELD>0</ADMINFIELD>
     <COMPTYPE>E</COMPTYPE>
    </DD03P>
    <DD03P>
     <TABNAME>ZSPPP_STPOX_I</TABNAME>
     <FIELDNAME>INTRM</FIELDNAME>
     <POSITION>0143</POSITION>
     <ROLLNAME>INTRM</ROLLNAME>
     <ADMINFIELD>0</ADMINFIELD>
     <COMPTYPE>E</COMPTYPE>
    </DD03P>
    <DD03P>
     <TABNAME>ZSPPP_STPOX_I</TABNAME>
     <FIELDNAME>POTPR</FIELDNAME>
     <POSITION>0144</POSITION>
     <ROLLNAME>POSTP</ROLLNAME>
     <ADMINFIELD>0</ADMINFIELD>
     <COMPTYPE>E</COMPTYPE>
    </DD03P>
    <DD03P>
     <TABNAME>ZSPPP_STPOX_I</TABNAME>
     <FIELDNAME>EKORG</FIELDNAME>
     <POSITION>0145</POSITION>
     <ROLLNAME>EKORG</ROLLNAME>
     <ADMINFIELD>0</ADMINFIELD>
     <COMPTYPE>E</COMPTYPE>
    </DD03P>
    <DD03P>
     <TABNAME>ZSPPP_STPOX_I</TABNAME>
     <FIELDNAME>CLOBK</FIELDNAME>
     <POSITION>0146</POSITION>
     <ROLLNAME>CLOBK</ROLLNAME>
     <ADMINFIELD>0</ADMINFIELD>
     <VALEXI>X</VALEXI>
     <SHLPORIGIN>F</SHLPORIGIN>
     <COMPTYPE>E</COMPTYPE>
    </DD03P>
    <DD03P>
     <TABNAME>ZSPPP_STPOX_I</TABNAME>
     <FIELDNAME>CLMUL</FIELDNAME>
     <POSITION>0147</POSITION>
     <ROLLNAME>CLMULT</ROLLNAME>
     <ADMINFIELD>0</ADMINFIELD>
     <VALEXI>X</VALEXI>
     <SHLPORIGIN>F</SHLPORIGIN>
     <COMPTYPE>E</COMPTYPE>
    </DD03P>
    <DD03P>
     <TABNAME>ZSPPP_STPOX_I</TABNAME>
     <FIELDNAME>CVIEW</FIELDNAME>
     <POSITION>0148</POSITION>
     <ROLLNAME>ABTEILUNG</ROLLNAME>
     <ADMINFIELD>0</ADMINFIELD>
     <COMPTYPE>E</COMPTYPE>
    </DD03P>
    <DD03P>
     <TABNAME>ZSPPP_STPOX_I</TABNAME>
     <FIELDNAME>KNOBJ</FIELDNAME>
     <POSITION>0149</POSITION>
     <ROLLNAME>KNOBJ</ROLLNAME>
     <ADMINFIELD>0</ADMINFIELD>
     <COMPTYPE>E</COMPTYPE>
    </DD03P>
    <DD03P>
     <TABNAME>ZSPPP_STPOX_I</TABNAME>
     <FIELDNAME>LGORT</FIELDNAME>
     <POSITION>0150</POSITION>
     <ROLLNAME>LGORT_D</ROLLNAME>
     <ADMINFIELD>0</ADMINFIELD>
     <COMPTYPE>E</COMPTYPE>
    </DD03P>
    <DD03P>
     <TABNAME>ZSPPP_STPOX_I</TABNAME>
     <FIELDNAME>PRVBE</FIELDNAME>
     <POSITION>0151</POSITION>
     <ROLLNAME>PRVBE</ROLLNAME>
     <ADMINFIELD>0</ADMINFIELD>
     <COMPTYPE>E</COMPTYPE>
    </DD03P>
    <DD03P>
     <TABNAME>ZSPPP_STPOX_I</TABNAME>
     <FIELDNAME>KZKUP</FIELDNAME>
     <POSITION>0152</POSITION>
     <ROLLNAME>KZKUP</ROLLNAME>
     <ADMINFIELD>0</ADMINFIELD>
     <VALEXI>X</VALEXI>
     <SHLPORIGIN>F</SHLPORIGIN>
     <COMPTYPE>E</COMPTYPE>
    </DD03P>
    <DD03P>
     <TABNAME>ZSPPP_STPOX_I</TABNAME>
     <FIELDNAME>DATUB</FIELDNAME>
     <POSITION>0153</POSITION>
     <ROLLNAME>DTBIS</ROLLNAME>
     <ADMINFIELD>0</ADMINFIELD>
     <SHLPORIGIN>T</SHLPORIGIN>
     <COMPTYPE>E</COMPTYPE>
    </DD03P>
    <DD03P>
     <TABNAME>ZSPPP_STPOX_I</TABNAME>
     <FIELDNAME>AENRA</FIELDNAME>
     <POSITION>0154</POSITION>
     <ROLLNAME>AENRA</ROLLNAME>
     <ADMINFIELD>0</ADMINFIELD>
     <COMPTYPE>E</COMPTYPE>
    </DD03P>
    <DD03P>
     <TABNAME>ZSPPP_STPOX_I</TABNAME>
     <FIELDNAME>AMGLG</FIELDNAME>
     <POSITION>0155</POSITION>
     <ROLLNAME>CS_E_AMGLG</ROLLNAME>
     <ADMINFIELD>0</ADMINFIELD>
     <REFTABLE>MARA</REFTABLE>
     <REFFIELD>MEINS</REFFIELD>
     <COMPTYPE>E</COMPTYPE>
    </DD03P>
    <DD03P>
     <TABNAME>ZSPPP_STPOX_I</TABNAME>
     <FIELDNAME>AMGKO</FIELDNAME>
     <POSITION>0156</POSITION>
     <ROLLNAME>CS_E_AMGKO</ROLLNAME>
     <ADMINFIELD>0</ADMINFIELD>
     <REFTABLE>STPO</REFTABLE>
     <REFFIELD>MEINS</REFFIELD>
     <COMPTYPE>E</COMPTYPE>
    </DD03P>
    <DD03P>
     <TABNAME>ZSPPP_STPOX_I</TABNAME>
     <FIELDNAME>DUMPS</FIELDNAME>
     <POSITION>0157</POSITION>
     <ROLLNAME>DUMPS</ROLLNAME>
     <ADMINFIELD>0</ADMINFIELD>
     <VALEXI>X</VALEXI>
     <SHLPORIGIN>F</SHLPORIGIN>
     <COMPTYPE>E</COMPTYPE>
    </DD03P>
    <DD03P>
     <TABNAME>ZSPPP_STPOX_I</TABNAME>
     <FIELDNAME>XTLTY</FIELDNAME>
     <POSITION>0158</POSITION>
     <ROLLNAME>CS_E_XSTTY</ROLLNAME>
     <ADMINFIELD>0</ADMINFIELD>
     <VALEXI>X</VALEXI>
     <SHLPORIGIN>F</SHLPORIGIN>
     <COMPTYPE>E</COMPTYPE>
    </DD03P>
    <DD03P>
     <TABNAME>ZSPPP_STPOX_I</TABNAME>
     <FIELDNAME>XTLNR</FIELDNAME>
     <POSITION>0159</POSITION>
     <ROLLNAME>CS_E_XSTNR</ROLLNAME>
     <ADMINFIELD>0</ADMINFIELD>
     <COMPTYPE>E</COMPTYPE>
    </DD03P>
    <DD03P>
     <TABNAME>ZSPPP_STPOX_I</TABNAME>
     <FIELDNAME>XTLAN</FIELDNAME>
     <POSITION>0160</POSITION>
     <ROLLNAME>CS_E_XSTAN</ROLLNAME>
     <ADMINFIELD>0</ADMINFIELD>
     <COMPTYPE>E</COMPTYPE>
    </DD03P>
    <DD03P>
     <TABNAME>ZSPPP_STPOX_I</TABNAME>
     <FIELDNAME>XTLAL</FIELDNAME>
     <POSITION>0161</POSITION>
     <ROLLNAME>CS_E_XSTAL</ROLLNAME>
     <ADMINFIELD>0</ADMINFIELD>
     <COMPTYPE>E</COMPTYPE>
    </DD03P>
    <DD03P>
     <TABNAME>ZSPPP_STPOX_I</TABNAME>
     <FIELDNAME>XISDT</FIELDNAME>
     <POSITION>0162</POSITION>
     <ROLLNAME>CS_E_XHSDT</ROLLNAME>
     <ADMINFIELD>0</ADMINFIELD>
     <VALEXI>X</VALEXI>
     <SHLPORIGIN>F</SHLPORIGIN>
     <COMPTYPE>E</COMPTYPE>
    </DD03P>
    <DD03P>
     <TABNAME>ZSPPP_STPOX_I</TABNAME>
     <FIELDNAME>XISSR</FIELDNAME>
     <POSITION>0163</POSITION>
     <ROLLNAME>CS_E_XHSSR</ROLLNAME>
     <ADMINFIELD>0</ADMINFIELD>
     <VALEXI>X</VALEXI>
     <SHLPORIGIN>F</SHLPORIGIN>
     <COMPTYPE>E</COMPTYPE>
    </DD03P>
    <DD03P>
     <TABNAME>ZSPPP_STPOX_I</TABNAME>
     <FIELDNAME>XMENG</FIELDNAME>
     <POSITION>0164</POSITION>
     <ROLLNAME>CS_E_XBMNG</ROLLNAME>
     <ADMINFIELD>0</ADMINFIELD>
     <REFTABLE>MARA</REFTABLE>
     <REFFIELD>MEINS</REFFIELD>
     <COMPTYPE>E</COMPTYPE>
    </DD03P>
    <DD03P>
     <TABNAME>ZSPPP_STPOX_I</TABNAME>
     <FIELDNAME>XMEIN</FIELDNAME>
     <POSITION>0165</POSITION>
     <ROLLNAME>CS_E_XBMEN</ROLLNAME>
     <ADMINFIELD>0</ADMINFIELD>
     <COMPTYPE>E</COMPTYPE>
    </DD03P>
    <DD03P>
     <TABNAME>ZSPPP_STPOX_I</TABNAME>
     <FIELDNAME>XALTS</FIELDNAME>
     <POSITION>0166</POSITION>
     <ROLLNAME>CS_E_XALST</ROLLNAME>
     <ADMINFIELD>0</ADMINFIELD>
     <VALEXI>X</VALEXI>
     <SHLPORIGIN>F</SHLPORIGIN>
     <COMPTYPE>E</COMPTYPE>
    </DD03P>
    <DD03P>
     <TABNAME>ZSPPP_STPOX_I</TABNAME>
     <FIELDNAME>XVARS</FIELDNAME>
     <POSITION>0167</POSITION>
     <ROLLNAME>CS_E_XVRST</ROLLNAME>
     <ADMINFIELD>0</ADMINFIELD>
     <VALEXI>X</VALEXI>
     <SHLPORIGIN>F</SHLPORIGIN>
     <COMPTYPE>E</COMPTYPE>
    </DD03P>
    <DD03P>
     <TABNAME>ZSPPP_STPOX_I</TABNAME>
     <FIELDNAME>XKBAU</FIELDNAME>
     <POSITION>0168</POSITION>
     <ROLLNAME>CS_E_XKBAU</ROLLNAME>
     <ADMINFIELD>0</ADMINFIELD>
     <VALEXI>X</VALEXI>
     <SHLPORIGIN>F</SHLPORIGIN>
     <COMPTYPE>E</COMPTYPE>
    </DD03P>
    <DD03P>
     <TABNAME>ZSPPP_STPOX_I</TABNAME>
     <FIELDNAME>XLOEK</FIELDNAME>
     <POSITION>0169</POSITION>
     <ROLLNAME>CS_E_XLKZH</ROLLNAME>
     <ADMINFIELD>0</ADMINFIELD>
     <VALEXI>X</VALEXI>
     <SHLPORIGIN>F</SHLPORIGIN>
     <COMPTYPE>E</COMPTYPE>
    </DD03P>
    <DD03P>
     <TABNAME>ZSPPP_STPOX_I</TABNAME>
     <FIELDNAME>AUSNM</FIELDNAME>
     <POSITION>0170</POSITION>
     <ROLLNAME>EXCPT</ROLLNAME>
     <ADMINFIELD>0</ADMINFIELD>
     <COMPTYPE>E</COMPTYPE>
    </DD03P>
    <DD03P>
     <TABNAME>ZSPPP_STPOX_I</TABNAME>
     <FIELDNAME>HDNFO</FIELDNAME>
     <POSITION>0171</POSITION>
     <ROLLNAME>HDNFO</ROLLNAME>
     <ADMINFIELD>0</ADMINFIELD>
     <COMPTYPE>E</COMPTYPE>
    </DD03P>
    <DD03P>
     <TABNAME>ZSPPP_STPOX_I</TABNAME>
     <FIELDNAME>AFFLG</FIELDNAME>
     <POSITION>0172</POSITION>
     <ROLLNAME>AFFLG</ROLLNAME>
     <ADMINFIELD>0</ADMINFIELD>
     <VALEXI>X</VALEXI>
     <SHLPORIGIN>F</SHLPORIGIN>
     <COMPTYPE>E</COMPTYPE>
    </DD03P>
    <DD03P>
     <TABNAME>ZSPPP_STPOX_I</TABNAME>
     <FIELDNAME>LTFLG</FIELDNAME>
     <POSITION>0173</POSITION>
     <ROLLNAME>LISTF</ROLLNAME>
     <ADMINFIELD>0</ADMINFIELD>
     <COMPTYPE>E</COMPTYPE>
    </DD03P>
    <DD03P>
     <TABNAME>ZSPPP_STPOX_I</TABNAME>
     <FIELDNAME>NLFLG</FIELDNAME>
     <POSITION>0174</POSITION>
     <ROLLNAME>NLFLG</ROLLNAME>
     <ADMINFIELD>0</ADMINFIELD>
     <COMPTYPE>E</COMPTYPE>
    </DD03P>
    <DD03P>
     <TABNAME>ZSPPP_STPOX_I</TABNAME>
     <FIELDNAME>SUMKZ</FIELDNAME>
     <POSITION>0175</POSITION>
     <ROLLNAME>SUMKZ</ROLLNAME>
     <ADMINFIELD>0</ADMINFIELD>
     <VALEXI>X</VALEXI>
     <SHLPORIGIN>F</SHLPORIGIN>
     <COMPTYPE>E</COMPTYPE>
    </DD03P>
    <DD03P>
     <TABNAME>ZSPPP_STPOX_I</TABNAME>
     <FIELDNAME>AUFST</FIELDNAME>
     <POSITION>0176</POSITION>
     <ROLLNAME>AUFST</ROLLNAME>
     <ADMINFIELD>0</ADMINFIELD>
     <COMPTYPE>E</COMPTYPE>
    </DD03P>
    <DD03P>
     <TABNAME>ZSPPP_STPOX_I</TABNAME>
     <FIELDNAME>AUFWG</FIELDNAME>
     <POSITION>0177</POSITION>
     <ROLLNAME>AUFWG</ROLLNAME>
     <ADMINFIELD>0</ADMINFIELD>
     <COMPTYPE>E</COMPTYPE>
    </DD03P>
    <DD03P>
     <TABNAME>ZSPPP_STPOX_I</TABNAME>
     <FIELDNAME>BAUST</FIELDNAME>
     <POSITION>0178</POSITION>
     <ROLLNAME>BAUST</ROLLNAME>
     <ADMINFIELD>0</ADMINFIELD>
     <COMPTYPE>E</COMPTYPE>
    </DD03P>
    <DD03P>
     <TABNAME>ZSPPP_STPOX_I</TABNAME>
     <FIELDNAME>BAUWG</FIELDNAME>
     <POSITION>0179</POSITION>
     <ROLLNAME>BAUWG</ROLLNAME>
     <ADMINFIELD>0</ADMINFIELD>
     <COMPTYPE>E</COMPTYPE>
    </DD03P>
    <DD03P>
     <TABNAME>ZSPPP_STPOX_I</TABNAME>
     <FIELDNAME>ASTOV</FIELDNAME>
     <POSITION>0180</POSITION>
     <ROLLNAME>CS_AUFST</ROLLNAME>
     <ADMINFIELD>0</ADMINFIELD>
     <COMPTYPE>E</COMPTYPE>
    </DD03P>
    <DD03P>
     <TABNAME>ZSPPP_STPOX_I</TABNAME>
     <FIELDNAME>AWGOV</FIELDNAME>
     <POSITION>0181</POSITION>
     <ROLLNAME>CS_AUFWG</ROLLNAME>
     <ADMINFIELD>0</ADMINFIELD>
     <COMPTYPE>E</COMPTYPE>
    </DD03P>
    <DD03P>
     <TABNAME>ZSPPP_STPOX_I</TABNAME>
     <FIELDNAME>BSTOV</FIELDNAME>
     <POSITION>0182</POSITION>
     <ROLLNAME>CS_BAUST</ROLLNAME>
     <ADMINFIELD>0</ADMINFIELD>
     <COMPTYPE>E</COMPTYPE>
    </DD03P>
    <DD03P>
     <TABNAME>ZSPPP_STPOX_I</TABNAME>
     <FIELDNAME>BWGOV</FIELDNAME>
     <POSITION>0183</POSITION>
     <ROLLNAME>CS_BAUWG</ROLLNAME>
     <ADMINFIELD>0</ADMINFIELD>
     <COMPTYPE>E</COMPTYPE>
    </DD03P>
    <DD03P>
     <TABNAME>ZSPPP_STPOX_I</TABNAME>
     <FIELDNAME>NLINK</FIELDNAME>
     <POSITION>0184</POSITION>
     <ROLLNAME>STKAN</ROLLNAME>
     <ADMINFIELD>0</ADMINFIELD>
     <COMPTYPE>E</COMPTYPE>
    </DD03P>
    <DD03P>
     <TABNAME>ZSPPP_STPOX_I</TABNAME>
     <FIELDNAME>ALPST</FIELDNAME>
     <POSITION>0185</POSITION>
     <ROLLNAME>CS_ALPST</ROLLNAME>
     <ADMINFIELD>0</ADMINFIELD>
     <VALEXI>X</VALEXI>
     <SHLPORIGIN>F</SHLPORIGIN>
     <COMPTYPE>E</COMPTYPE>
    </DD03P>
    <DD03P>
     <TABNAME>ZSPPP_STPOX_I</TABNAME>
     <FIELDNAME>ALPRF</FIELDNAME>
     <POSITION>0186</POSITION>
     <ROLLNAME>CS_ALPRF</ROLLNAME>
     <ADMINFIELD>0</ADMINFIELD>
     <COMPTYPE>E</COMPTYPE>
    </DD03P>
    <DD03P>
     <TABNAME>ZSPPP_STPOX_I</TABNAME>
     <FIELDNAME>ALPGR</FIELDNAME>
     <POSITION>0187</POSITION>
     <ROLLNAME>CS_ALPGR</ROLLNAME>
     <ADMINFIELD>0</ADMINFIELD>
     <COMPTYPE>E</COMPTYPE>
    </DD03P>
    <DD03P>
     <TABNAME>ZSPPP_STPOX_I</TABNAME>
     <FIELDNAME>DSPST</FIELDNAME>
     <POSITION>0188</POSITION>
     <ROLLNAME>CS_DISPO</ROLLNAME>
     <ADMINFIELD>0</ADMINFIELD>
     <COMPTYPE>E</COMPTYPE>
    </DD03P>
    <DD03P>
     <TABNAME>ZSPPP_STPOX_I</TABNAME>
     <FIELDNAME>KZNFP</FIELDNAME>
     <POSITION>0189</POSITION>
     <ROLLNAME>CS_KZNFP</ROLLNAME>
     <ADMINFIELD>0</ADMINFIELD>
     <VALEXI>X</VALEXI>
     <SHLPORIGIN>F</SHLPORIGIN>
     <COMPTYPE>E</COMPTYPE>
    </DD03P>
    <DD03P>
     <TABNAME>ZSPPP_STPOX_I</TABNAME>
     <FIELDNAME>NFGRP</FIELDNAME>
     <POSITION>0190</POSITION>
     <ROLLNAME>CS_NFGRP</ROLLNAME>
     <ADMINFIELD>0</ADMINFIELD>
     <COMPTYPE>E</COMPTYPE>
    </DD03P>
    <DD03P>
     <TABNAME>ZSPPP_STPOX_I</TABNAME>
     <FIELDNAME>NFEAG</FIELDNAME>
     <POSITION>0191</POSITION>
     <ROLLNAME>CS_NFEAG</ROLLNAME>
     <ADMINFIELD>0</ADMINFIELD>
     <COMPTYPE>E</COMPTYPE>
    </DD03P>
    <DD03P>
     <TABNAME>ZSPPP_STPOX_I</TABNAME>
     <FIELDNAME>KZCLB</FIELDNAME>
     <POSITION>0192</POSITION>
     <ROLLNAME>CS_KZCLB</ROLLNAME>
     <ADMINFIELD>0</ADMINFIELD>
     <VALEXI>X</VALEXI>
     <SHLPORIGIN>F</SHLPORIGIN>
     <COMPTYPE>E</COMPTYPE>
    </DD03P>
    <DD03P>
     <TABNAME>ZSPPP_STPOX_I</TABNAME>
     <FIELDNAME>CLSZU</FIELDNAME>
     <POSITION>0193</POSITION>
     <ROLLNAME>CS_CLSZU</ROLLNAME>
     <ADMINFIELD>0</ADMINFIELD>
     <COMPTYPE>E</COMPTYPE>
    </DD03P>
    <DD03P>
     <TABNAME>ZSPPP_STPOX_I</TABNAME>
     <FIELDNAME>ITMID</FIELDNAME>
     <POSITION>0194</POSITION>
     <ROLLNAME>CS_ITMID</ROLLNAME>
     <ADMINFIELD>0</ADMINFIELD>
     <COMPTYPE>E</COMPTYPE>
    </DD03P>
    <DD03P>
     <TABNAME>ZSPPP_STPOX_I</TABNAME>
     <FIELDNAME>ALEKZ</FIELDNAME>
     <POSITION>0195</POSITION>
     <ROLLNAME>CS_ALEKZ</ROLLNAME>
     <ADMINFIELD>0</ADMINFIELD>
     <VALEXI>X</VALEXI>
     <SHLPORIGIN>F</SHLPORIGIN>
     <COMPTYPE>E</COMPTYPE>
    </DD03P>
    <DD03P>
     <TABNAME>ZSPPP_STPOX_I</TABNAME>
     <FIELDNAME>GUIDX</FIELDNAME>
     <POSITION>0196</POSITION>
     <ROLLNAME>CS_GUID</ROLLNAME>
     <ADMINFIELD>0</ADMINFIELD>
     <COMPTYPE>E</COMPTYPE>
    </DD03P>
    <DD03P>
     <TABNAME>ZSPPP_STPOX_I</TABNAME>
     <FIELDNAME>ITSOB</FIELDNAME>
     <POSITION>0197</POSITION>
     <ROLLNAME>CS_SOBSL</ROLLNAME>
     <ADMINFIELD>0</ADMINFIELD>
     <COMPTYPE>E</COMPTYPE>
    </DD03P>
    <DD03P>
     <TABNAME>ZSPPP_STPOX_I</TABNAME>
     <FIELDNAME>RFPNT</FIELDNAME>
     <POSITION>0198</POSITION>
     <ROLLNAME>CN_RFPNT</ROLLNAME>
     <ADMINFIELD>0</ADMINFIELD>
     <COMPTYPE>E</COMPTYPE>
    </DD03P>
    <DD03P>
     <TABNAME>ZSPPP_STPOX_I</TABNAME>
     <FIELDNAME>SOBMX</FIELDNAME>
     <POSITION>0199</POSITION>
     <ROLLNAME>CS_SOBMX</ROLLNAME>
     <ADMINFIELD>0</ADMINFIELD>
     <COMPTYPE>E</COMPTYPE>
    </DD03P>
    <DD03P>
     <TABNAME>ZSPPP_STPOX_I</TABNAME>
     <FIELDNAME>MATKL</FIELDNAME>
     <POSITION>0200</POSITION>
     <ROLLNAME>MATKL</ROLLNAME>
     <ADMINFIELD>0</ADMINFIELD>
     <SHLPORIGIN>D</SHLPORIGIN>
     <COMPTYPE>E</COMPTYPE>
    </DD03P>
    <DD03P>
     <TABNAME>ZSPPP_STPOX_I</TABNAME>
     <FIELDNAME>INSTS</FIELDNAME>
     <POSITION>0201</POSITION>
     <ROLLNAME>CUINST</ROLLNAME>
     <ADMINFIELD>0</ADMINFIELD>
     <COMPTYPE>E</COMPTYPE>
    </DD03P>
    <DD03P>
     <TABNAME>ZSPPP_STPOX_I</TABNAME>
     <FIELDNAME>INSTP</FIELDNAME>
     <POSITION>0202</POSITION>
     <ROLLNAME>CUINST</ROLLNAME>
     <ADMINFIELD>0</ADMINFIELD>
     <COMPTYPE>E</COMPTYPE>
    </DD03P>
    <DD03P>
     <TABNAME>ZSPPP_STPOX_I</TABNAME>
     <FIELDNAME>KSTTY</FIELDNAME>
     <POSITION>0203</POSITION>
     <ROLLNAME>CS_KSTTY</ROLLNAME>
     <ADMINFIELD>0</ADMINFIELD>
     <VALEXI>X</VALEXI>
     <SHLPORIGIN>F</SHLPORIGIN>
     <COMPTYPE>E</COMPTYPE>
    </DD03P>
    <DD03P>
     <TABNAME>ZSPPP_STPOX_I</TABNAME>
     <FIELDNAME>KSTNR</FIELDNAME>
     <POSITION>0204</POSITION>
     <ROLLNAME>CS_KSTNR</ROLLNAME>
     <ADMINFIELD>0</ADMINFIELD>
     <COMPTYPE>E</COMPTYPE>
    </DD03P>
    <DD03P>
     <TABNAME>ZSPPP_STPOX_I</TABNAME>
     <FIELDNAME>KSTKN</FIELDNAME>
     <POSITION>0205</POSITION>
     <ROLLNAME>CS_KSTKN</ROLLNAME>
     <ADMINFIELD>0</ADMINFIELD>
     <COMPTYPE>E</COMPTYPE>
    </DD03P>
    <DD03P>
     <TABNAME>ZSPPP_STPOX_I</TABNAME>
     <FIELDNAME>KSTPZ</FIELDNAME>
     <POSITION>0206</POSITION>
     <ROLLNAME>CS_KSTPZ</ROLLNAME>
     <ADMINFIELD>0</ADMINFIELD>
     <COMPTYPE>E</COMPTYPE>
    </DD03P>
    <DD03P>
     <TABNAME>ZSPPP_STPOX_I</TABNAME>
     <FIELDNAME>CAALT</FIELDNAME>
     <POSITION>0207</POSITION>
     <ROLLNAME>STALT</ROLLNAME>
     <ADMINFIELD>0</ADMINFIELD>
     <COMPTYPE>E</COMPTYPE>
    </DD03P>
    <DD03P>
     <TABNAME>ZSPPP_STPOX_I</TABNAME>
     <FIELDNAME>STLTY_W</FIELDNAME>
     <POSITION>0208</POSITION>
     <ROLLNAME>STLTY</ROLLNAME>
     <ADMINFIELD>0</ADMINFIELD>
     <VALEXI>X</VALEXI>
     <SHLPORIGIN>F</SHLPORIGIN>
     <COMPTYPE>E</COMPTYPE>
    </DD03P>
    <DD03P>
     <TABNAME>ZSPPP_STPOX_I</TABNAME>
     <FIELDNAME>STLNR_W</FIELDNAME>
     <POSITION>0209</POSITION>
     <ROLLNAME>STNUM</ROLLNAME>
     <ADMINFIELD>0</ADMINFIELD>
     <SHLPORIGIN>D</SHLPORIGIN>
     <COMPTYPE>E</COMPTYPE>
    </DD03P>
    <DD03P>
     <TABNAME>ZSPPP_STPOX_I</TABNAME>
     <FIELDNAME>SGT_RCAT</FIELDNAME>
     <POSITION>0210</POSITION>
     <ROLLNAME>SGT_RCAT</ROLLNAME>
     <ADMINFIELD>0</ADMINFIELD>
     <SHLPORIGIN>D</SHLPORIGIN>
     <COMPTYPE>E</COMPTYPE>
    </DD03P>
    <DD03P>
     <TABNAME>ZSPPP_STPOX_I</TABNAME>
     <FIELDNAME>SGT_SCAT</FIELDNAME>
     <POSITION>0211</POSITION>
     <ROLLNAME>SGT_SCAT</ROLLNAME>
     <ADMINFIELD>0</ADMINFIELD>
     <SHLPORIGIN>D</SHLPORIGIN>
     <COMPTYPE>E</COMPTYPE>
    </DD03P>
    <DD03P>
     <TABNAME>ZSPPP_STPOX_I</TABNAME>
     <FIELDNAME>.INCLUDE</FIELDNAME>
     <DDLANGUAGE>I</DDLANGUAGE>
     <POSITION>0212</POSITION>
     <ADMINFIELD>0</ADMINFIELD>
     <PRECFIELD>CI_STPO</PRECFIELD>
     <MASK>      S</MASK>
     <DDTEXT>Struttura Append per campi cliente</DDTEXT>
     <COMPTYPE>S</COMPTYPE>
    </DD03P>
    <DD03P>
     <TABNAME>ZSPPP_STPOX_I</TABNAME>
     <FIELDNAME>.INCLUDE</FIELDNAME>
     <DDLANGUAGE>I</DDLANGUAGE>
     <POSITION>0214</POSITION>
     <ADMINFIELD>0</ADMINFIELD>
     <PRECFIELD>/CUM/APP_STPO</PRECFIELD>
     <MASK>      S</MASK>
     <DDTEXT>CU specific data for a BOM item</DDTEXT>
     <COMPTYPE>S</COMPTYPE>
    </DD03P>
    <DD03P>
     <TABNAME>ZSPPP_STPOX_I</TABNAME>
     <FIELDNAME>FUNCID</FIELDNAME>
     <POSITION>0216</POSITION>
     <ROLLNAME>CCC_FUNCID</ROLLNAME>
     <ADMINFIELD>0</ADMINFIELD>
     <COMPTYPE>E</COMPTYPE>
    </DD03P>
   </DD03P_TABLE>
  </asx:values>
 </asx:abap>
</abapGit>
