﻿<?xml version="1.0" encoding="utf-8"?>
<abapGit version="v1.0.0" serializer="LCL_OBJECT_TABL" serializer_version="v1.0.0">
 <asx:abap xmlns:asx="http://www.sap.com/abapxml" version="1.0">
  <asx:values>
   <DD02V>
    <TABNAME>ZST_DOCFILES_REPORT</TABNAME>
    <DDLANGUAGE>I</DDLANGUAGE>
    <TABCLASS>INTTAB</TABCLASS>
    <DDTEXT>Document files reporting</DDTEXT>
    <EXCLASS>1</EXCLASS>
   </DD02V>
   <DD03P_TABLE>
    <DD03P>
     <TABNAME>ZST_DOCFILES_REPORT</TABNAME>
     <FIELDNAME>DOKAR</FIELDNAME>
     <POSITION>0001</POSITION>
     <ROLLNAME>DOKAR</ROLLNAME>
     <ADMINFIELD>0</ADMINFIELD>
     <COMPTYPE>E</COMPTYPE>
    </DD03P>
    <DD03P>
     <TABNAME>ZST_DOCFILES_REPORT</TABNAME>
     <FIELDNAME>DOKNR</FIELDNAME>
     <POSITION>0002</POSITION>
     <ROLLNAME>DOKNR</ROLLNAME>
     <ADMINFIELD>0</ADMINFIELD>
     <COMPTYPE>E</COMPTYPE>
    </DD03P>
    <DD03P>
     <TABNAME>ZST_DOCFILES_REPORT</TABNAME>
     <FIELDNAME>DOKTL</FIELDNAME>
     <POSITION>0003</POSITION>
     <ROLLNAME>DOKTL_D</ROLLNAME>
     <ADMINFIELD>0</ADMINFIELD>
     <COMPTYPE>E</COMPTYPE>
    </DD03P>
    <DD03P>
     <TABNAME>ZST_DOCFILES_REPORT</TABNAME>
     <FIELDNAME>DOKVR</FIELDNAME>
     <POSITION>0004</POSITION>
     <ROLLNAME>DOKVR</ROLLNAME>
     <ADMINFIELD>0</ADMINFIELD>
     <COMPTYPE>E</COMPTYPE>
    </DD03P>
    <DD03P>
     <TABNAME>ZST_DOCFILES_REPORT</TABNAME>
     <FIELDNAME>PDF</FIELDNAME>
     <POSITION>0005</POSITION>
     <ROLLNAME>CHAR4</ROLLNAME>
     <ADMINFIELD>0</ADMINFIELD>
     <COMPTYPE>E</COMPTYPE>
    </DD03P>
    <DD03P>
     <TABNAME>ZST_DOCFILES_REPORT</TABNAME>
     <FIELDNAME>DFT</FIELDNAME>
     <POSITION>0006</POSITION>
     <ROLLNAME>CHAR4</ROLLNAME>
     <ADMINFIELD>0</ADMINFIELD>
     <COMPTYPE>E</COMPTYPE>
    </DD03P>
    <DD03P>
     <TABNAME>ZST_DOCFILES_REPORT</TABNAME>
     <FIELDNAME>TIF</FIELDNAME>
     <POSITION>0007</POSITION>
     <ROLLNAME>CHAR4</ROLLNAME>
     <ADMINFIELD>0</ADMINFIELD>
     <COMPTYPE>E</COMPTYPE>
    </DD03P>
    <DD03P>
     <TABNAME>ZST_DOCFILES_REPORT</TABNAME>
     <FIELDNAME>ZIF</FIELDNAME>
     <POSITION>0008</POSITION>
     <ROLLNAME>CHAR4</ROLLNAME>
     <ADMINFIELD>0</ADMINFIELD>
     <COMPTYPE>E</COMPTYPE>
    </DD03P>
    <DD03P>
     <TABNAME>ZST_DOCFILES_REPORT</TABNAME>
     <FIELDNAME>DXF</FIELDNAME>
     <POSITION>0009</POSITION>
     <ROLLNAME>CHAR4</ROLLNAME>
     <ADMINFIELD>0</ADMINFIELD>
     <COMPTYPE>E</COMPTYPE>
    </DD03P>
    <DD03P>
     <TABNAME>ZST_DOCFILES_REPORT</TABNAME>
     <FIELDNAME>DOC_DESCR</FIELDNAME>
     <POSITION>0010</POSITION>
     <ROLLNAME>DKTXT</ROLLNAME>
     <ADMINFIELD>0</ADMINFIELD>
     <COMPTYPE>E</COMPTYPE>
    </DD03P>
    <DD03P>
     <TABNAME>ZST_DOCFILES_REPORT</TABNAME>
     <FIELDNAME>MAT_LINKED</FIELDNAME>
     <POSITION>0011</POSITION>
     <ROLLNAME>OBJKY</ROLLNAME>
     <ADMINFIELD>0</ADMINFIELD>
     <COMPTYPE>E</COMPTYPE>
    </DD03P>
    <DD03P>
     <TABNAME>ZST_DOCFILES_REPORT</TABNAME>
     <FIELDNAME>MAT_DESCR</FIELDNAME>
     <POSITION>0012</POSITION>
     <ROLLNAME>OBJTXT</ROLLNAME>
     <ADMINFIELD>0</ADMINFIELD>
     <COMPTYPE>E</COMPTYPE>
    </DD03P>
   </DD03P_TABLE>
  </asx:values>
 </asx:abap>
</abapGit>
