﻿<?xml version="1.0" encoding="utf-8"?>
<abapGit version="v1.0.0" serializer="LCL_OBJECT_TABL" serializer_version="v1.0.0">
 <asx:abap xmlns:asx="http://www.sap.com/abapxml" version="1.0">
  <asx:values>
   <DD02V>
    <TABNAME>ZPMT_WRFC_LOGT</TABNAME>
    <DDLANGUAGE>E</DDLANGUAGE>
    <TABCLASS>TRANSP</TABCLASS>
    <CLIDEP>X</CLIDEP>
    <DDTEXT>Webrfc log header</DDTEXT>
    <MAINFLAG>X</MAINFLAG>
    <CONTFLAG>A</CONTFLAG>
    <EXCLASS>4</EXCLASS>
   </DD02V>
   <DD09L>
    <TABNAME>ZPMT_WRFC_LOGT</TABNAME>
    <AS4LOCAL>A</AS4LOCAL>
    <TABKAT>0</TABKAT>
    <TABART>APPL0</TABART>
    <BUFALLOW>N</BUFALLOW>
   </DD09L>
   <DD03P_TABLE>
    <DD03P>
     <TABNAME>ZPMT_WRFC_LOGT</TABNAME>
     <FIELDNAME>MANDT</FIELDNAME>
     <POSITION>0001</POSITION>
     <KEYFLAG>X</KEYFLAG>
     <ROLLNAME>MANDT</ROLLNAME>
     <CHECKTABLE>T000</CHECKTABLE>
     <ADMINFIELD>0</ADMINFIELD>
     <NOTNULL>X</NOTNULL>
     <SHLPORIGIN>P</SHLPORIGIN>
     <COMPTYPE>E</COMPTYPE>
    </DD03P>
    <DD03P>
     <TABNAME>ZPMT_WRFC_LOGT</TABNAME>
     <FIELDNAME>LOGID</FIELDNAME>
     <POSITION>0002</POSITION>
     <KEYFLAG>X</KEYFLAG>
     <ROLLNAME>ZWRFC_LOGID</ROLLNAME>
     <ADMINFIELD>0</ADMINFIELD>
     <NOTNULL>X</NOTNULL>
     <COMPTYPE>E</COMPTYPE>
    </DD03P>
    <DD03P>
     <TABNAME>ZPMT_WRFC_LOGT</TABNAME>
     <FIELDNAME>INTERFACE</FIELDNAME>
     <POSITION>0003</POSITION>
     <ROLLNAME>/SAPPO/DTE_OBJTYPE_FUNCTION</ROLLNAME>
     <ADMINFIELD>0</ADMINFIELD>
     <COMPTYPE>E</COMPTYPE>
    </DD03P>
    <DD03P>
     <TABNAME>ZPMT_WRFC_LOGT</TABNAME>
     <FIELDNAME>METHOD</FIELDNAME>
     <POSITION>0004</POSITION>
     <ROLLNAME>/SAPPO/DTE_OBJTYPE_FUNCTION</ROLLNAME>
     <ADMINFIELD>0</ADMINFIELD>
     <COMPTYPE>E</COMPTYPE>
    </DD03P>
    <DD03P>
     <TABNAME>ZPMT_WRFC_LOGT</TABNAME>
     <FIELDNAME>METHOD_TYPE</FIELDNAME>
     <POSITION>0005</POSITION>
     <ROLLNAME>ZWRFC_METHOD_TYPE</ROLLNAME>
     <ADMINFIELD>0</ADMINFIELD>
     <VALEXI>X</VALEXI>
     <SHLPORIGIN>F</SHLPORIGIN>
     <COMPTYPE>E</COMPTYPE>
    </DD03P>
    <DD03P>
     <TABNAME>ZPMT_WRFC_LOGT</TABNAME>
     <FIELDNAME>BNAME</FIELDNAME>
     <POSITION>0006</POSITION>
     <ROLLNAME>XUBNAME</ROLLNAME>
     <CHECKTABLE>USR02</CHECKTABLE>
     <ADMINFIELD>0</ADMINFIELD>
     <SHLPORIGIN>P</SHLPORIGIN>
     <COMPTYPE>E</COMPTYPE>
    </DD03P>
    <DD03P>
     <TABNAME>ZPMT_WRFC_LOGT</TABNAME>
     <FIELDNAME>WEBRFC_USER</FIELDNAME>
     <POSITION>0007</POSITION>
     <ROLLNAME>ZWRFC_USER</ROLLNAME>
     <CHECKTABLE>ZPMT_WRFC_USERS</CHECKTABLE>
     <ADMINFIELD>0</ADMINFIELD>
     <SHLPORIGIN>P</SHLPORIGIN>
     <COMPTYPE>E</COMPTYPE>
    </DD03P>
    <DD03P>
     <TABNAME>ZPMT_WRFC_LOGT</TABNAME>
     <FIELDNAME>LOGDATE</FIELDNAME>
     <POSITION>0008</POSITION>
     <ROLLNAME>DATUM</ROLLNAME>
     <ADMINFIELD>0</ADMINFIELD>
     <SHLPORIGIN>T</SHLPORIGIN>
     <COMPTYPE>E</COMPTYPE>
    </DD03P>
    <DD03P>
     <TABNAME>ZPMT_WRFC_LOGT</TABNAME>
     <FIELDNAME>LOGTIME</FIELDNAME>
     <POSITION>0009</POSITION>
     <ROLLNAME>UZEIT</ROLLNAME>
     <ADMINFIELD>0</ADMINFIELD>
     <SHLPORIGIN>T</SHLPORIGIN>
     <COMPTYPE>E</COMPTYPE>
    </DD03P>
    <DD03P>
     <TABNAME>ZPMT_WRFC_LOGT</TABNAME>
     <FIELDNAME>MSGTYPE</FIELDNAME>
     <POSITION>0010</POSITION>
     <ROLLNAME>MSGTYP</ROLLNAME>
     <ADMINFIELD>0</ADMINFIELD>
     <COMPTYPE>E</COMPTYPE>
    </DD03P>
    <DD03P>
     <TABNAME>ZPMT_WRFC_LOGT</TABNAME>
     <FIELDNAME>MESSAGE</FIELDNAME>
     <POSITION>0011</POSITION>
     <ROLLNAME>ZWRFC_LOG</ROLLNAME>
     <ADMINFIELD>0</ADMINFIELD>
     <COMPTYPE>E</COMPTYPE>
    </DD03P>
   </DD03P_TABLE>
   <DD05M_TABLE>
    <DD05M>
     <TABNAME>ZPMT_WRFC_LOGT</TABNAME>
     <FIELDNAME>BNAME</FIELDNAME>
     <FORTABLE>ZPMT_WRFC_LOGT</FORTABLE>
     <FORKEY>MANDT</FORKEY>
     <CHECKTABLE>USR02</CHECKTABLE>
     <CHECKFIELD>MANDT</CHECKFIELD>
     <PRIMPOS>0001</PRIMPOS>
     <DOMNAME>MANDT</DOMNAME>
     <DATATYPE>CLNT</DATATYPE>
     <LENG>000003</LENG>
    </DD05M>
    <DD05M>
     <TABNAME>ZPMT_WRFC_LOGT</TABNAME>
     <FIELDNAME>BNAME</FIELDNAME>
     <FORTABLE>ZPMT_WRFC_LOGT</FORTABLE>
     <FORKEY>BNAME</FORKEY>
     <CHECKTABLE>USR02</CHECKTABLE>
     <CHECKFIELD>BNAME</CHECKFIELD>
     <PRIMPOS>0002</PRIMPOS>
     <DOMNAME>XUBNAME</DOMNAME>
     <DATATYPE>CHAR</DATATYPE>
     <LENG>000012</LENG>
    </DD05M>
    <DD05M>
     <TABNAME>ZPMT_WRFC_LOGT</TABNAME>
     <FIELDNAME>MANDT</FIELDNAME>
     <FORTABLE>ZPMT_WRFC_LOGT</FORTABLE>
     <FORKEY>MANDT</FORKEY>
     <CHECKTABLE>T000</CHECKTABLE>
     <CHECKFIELD>MANDT</CHECKFIELD>
     <PRIMPOS>0001</PRIMPOS>
     <DOMNAME>MANDT</DOMNAME>
     <DATATYPE>CLNT</DATATYPE>
     <LENG>000003</LENG>
    </DD05M>
    <DD05M>
     <TABNAME>ZPMT_WRFC_LOGT</TABNAME>
     <FIELDNAME>WEBRFC_USER</FIELDNAME>
     <FORTABLE>ZPMT_WRFC_LOGT</FORTABLE>
     <FORKEY>MANDT</FORKEY>
     <CHECKTABLE>ZPMT_WRFC_USERS</CHECKTABLE>
     <CHECKFIELD>MANDT</CHECKFIELD>
     <PRIMPOS>0001</PRIMPOS>
     <DOMNAME>MANDT</DOMNAME>
     <DATATYPE>CLNT</DATATYPE>
     <LENG>000003</LENG>
    </DD05M>
    <DD05M>
     <TABNAME>ZPMT_WRFC_LOGT</TABNAME>
     <FIELDNAME>WEBRFC_USER</FIELDNAME>
     <FORTABLE>ZPMT_WRFC_LOGT</FORTABLE>
     <FORKEY>WEBRFC_USER</FORKEY>
     <CHECKTABLE>ZPMT_WRFC_USERS</CHECKTABLE>
     <CHECKFIELD>USR</CHECKFIELD>
     <PRIMPOS>0002</PRIMPOS>
     <DOMNAME>ZWRFC_USER_D</DOMNAME>
     <DATATYPE>CHAR</DATATYPE>
     <LENG>000030</LENG>
    </DD05M>
   </DD05M_TABLE>
   <DD08V_TABLE>
    <DD08V>
     <TABNAME>ZPMT_WRFC_LOGT</TABNAME>
     <FIELDNAME>BNAME</FIELDNAME>
     <DDLANGUAGE>E</DDLANGUAGE>
     <CHECKTABLE>USR02</CHECKTABLE>
    </DD08V>
    <DD08V>
     <TABNAME>ZPMT_WRFC_LOGT</TABNAME>
     <FIELDNAME>MANDT</FIELDNAME>
     <DDLANGUAGE>E</DDLANGUAGE>
     <CHECKTABLE>T000</CHECKTABLE>
    </DD08V>
    <DD08V>
     <TABNAME>ZPMT_WRFC_LOGT</TABNAME>
     <FIELDNAME>WEBRFC_USER</FIELDNAME>
     <DDLANGUAGE>E</DDLANGUAGE>
     <CHECKTABLE>ZPMT_WRFC_USERS</CHECKTABLE>
    </DD08V>
   </DD08V_TABLE>
  </asx:values>
 </asx:abap>
</abapGit>
