﻿<?xml version="1.0" encoding="utf-8"?>
<abapGit version="v1.0.0" serializer="LCL_OBJECT_MSAG" serializer_version="v1.0.0">
 <asx:abap xmlns:asx="http://www.sap.com/abapxml" version="1.0">
  <asx:values>
   <T100A>
    <ARBGB>Z_BC</ARBGB>
    <MASTERLANG>E</MASTERLANG>
    <STEXT>Message class for Z_BC packege</STEXT>
   </T100A>
   <T100>
    <T100>
     <SPRSL>E</SPRSL>
     <ARBGB>Z_BC</ARBGB>
     <MSGNR>000</MSGNR>
     <TEXT>&amp; &amp; &amp; &amp;</TEXT>
    </T100>
    <T100>
     <SPRSL>E</SPRSL>
     <ARBGB>Z_BC</ARBGB>
     <MSGNR>001</MSGNR>
     <TEXT>Error occurred in &amp;.</TEXT>
    </T100>
    <T100>
     <SPRSL>E</SPRSL>
     <ARBGB>Z_BC</ARBGB>
     <MSGNR>002</MSGNR>
     <TEXT>&amp;: object &amp; not existing.</TEXT>
    </T100>
    <T100>
     <SPRSL>E</SPRSL>
     <ARBGB>Z_BC</ARBGB>
     <MSGNR>003</MSGNR>
     <TEXT>Type conflict</TEXT>
    </T100>
   </T100>
  </asx:values>
 </asx:abap>
</abapGit>
