﻿<?xml version="1.0" encoding="utf-8"?>
<abapGit version="v1.0.0" serializer="LCL_OBJECT_CLAS" serializer_version="v1.0.0">
 <asx:abap xmlns:asx="http://www.sap.com/abapxml" version="1.0">
  <asx:values>
   <DESCRIPTIONS>
    <SEOCOMPOTX>
     <CLSNAME>ZCL_BC_CLASS</CLSNAME>
     <CMPNAME>CALL</CMPNAME>
     <LANGU>E</LANGU>
     <DESCRIPT>Function module call</DESCRIPT>
    </SEOCOMPOTX>
    <SEOCOMPOTX>
     <CLSNAME>ZCL_BC_CLASS</CLSNAME>
     <CMPNAME>CONSTRUCTOR</CMPNAME>
     <LANGU>E</LANGU>
     <DESCRIPT>Constructor</DESCRIPT>
    </SEOCOMPOTX>
    <SEOCOMPOTX>
     <CLSNAME>ZCL_BC_CLASS</CLSNAME>
     <CMPNAME>CREATE_PARAMETER</CMPNAME>
     <LANGU>E</LANGU>
     <DESCRIPT>Create function module parameter</DESCRIPT>
    </SEOCOMPOTX>
    <SEOCOMPOTX>
     <CLSNAME>ZCL_BC_CLASS</CLSNAME>
     <CMPNAME>CREATE_TABLE</CMPNAME>
     <LANGU>E</LANGU>
     <DESCRIPT>Create function module table parameter</DESCRIPT>
    </SEOCOMPOTX>
    <SEOCOMPOTX>
     <CLSNAME>ZCL_BC_CLASS</CLSNAME>
     <CMPNAME>GET_INTERFACE</CMPNAME>
     <LANGU>E</LANGU>
     <DESCRIPT>Get function module interface</DESCRIPT>
    </SEOCOMPOTX>
    <SEOCOMPOTX>
     <CLSNAME>ZCL_BC_CLASS</CLSNAME>
     <CMPNAME>GET_RESULTS</CMPNAME>
     <LANGU>E</LANGU>
     <DESCRIPT>Get function module results</DESCRIPT>
    </SEOCOMPOTX>
    <SEOCOMPOTX>
     <CLSNAME>ZCL_BC_CLASS</CLSNAME>
     <CMPNAME>GS_INTERFACE</CMPNAME>
     <LANGU>E</LANGU>
     <DESCRIPT>Interface of a Function Module</DESCRIPT>
    </SEOCOMPOTX>
    <SEOCOMPOTX>
     <CLSNAME>ZCL_BC_CLASS</CLSNAME>
     <CMPNAME>GV_METHOD</CMPNAME>
     <LANGU>E</LANGU>
     <DESCRIPT>ABAP Workbench: LIMU Name</DESCRIPT>
    </SEOCOMPOTX>
   </DESCRIPTIONS>
  </asx:values>
 </asx:abap>
</abapGit>
