﻿<?xml version="1.0" encoding="utf-8"?>
<abapGit version="v1.0.0" serializer="LCL_OBJECT_CLAS" serializer_version="v1.0.0">
 <asx:abap xmlns:asx="http://www.sap.com/abapxml" version="1.0">
  <asx:values>
   <VSEOCLASS>
    <CLSNAME>ZCL_BC_DATA_UTIL</CLSNAME>
    <VERSION>1</VERSION>
    <LANGU>E</LANGU>
    <DESCRIPT>Field utilities</DESCRIPT>
    <EXPOSURE>2</EXPOSURE>
    <STATE>1</STATE>
    <CLSFINAL>X</CLSFINAL>
    <CLSCCINCL>X</CLSCCINCL>
    <FIXPT>X</FIXPT>
    <UNICODE>X</UNICODE>
   </VSEOCLASS>
   <DESCRIPTIONS>
    <SEOCOMPOTX>
     <CLSNAME>ZCL_BC_DATA_UTIL</CLSNAME>
     <CMPNAME>IS_EQUAL</CMPNAME>
     <LANGU>E</LANGU>
     <DESCRIPT>Check if field is initial</DESCRIPT>
    </SEOCOMPOTX>
    <SEOCOMPOTX>
     <CLSNAME>ZCL_BC_DATA_UTIL</CLSNAME>
     <CMPNAME>IS_EXISTS</CMPNAME>
     <LANGU>E</LANGU>
     <DESCRIPT>Check if field is initial</DESCRIPT>
    </SEOCOMPOTX>
    <SEOCOMPOTX>
     <CLSNAME>ZCL_BC_DATA_UTIL</CLSNAME>
     <CMPNAME>IS_INITIAL</CMPNAME>
     <LANGU>E</LANGU>
     <DESCRIPT>Check if field is initial</DESCRIPT>
    </SEOCOMPOTX>
   </DESCRIPTIONS>
  </asx:values>
 </asx:abap>
</abapGit>
