﻿<?xml version="1.0" encoding="utf-8"?>
<abapGit version="v1.0.0" serializer="LCL_OBJECT_CLAS" serializer_version="v1.0.0">
 <asx:abap xmlns:asx="http://www.sap.com/abapxml" version="1.0">
  <asx:values>
   <VSEOCLASS>
    <CLSNAME>ZCL_PMT_WRFC_JSONP</CLSNAME>
    <VERSION>1</VERSION>
    <LANGU>E</LANGU>
    <DESCRIPT>JSONP class</DESCRIPT>
    <EXPOSURE>2</EXPOSURE>
    <STATE>1</STATE>
    <CLSFINAL>X</CLSFINAL>
    <CLSCCINCL>X</CLSCCINCL>
    <FIXPT>X</FIXPT>
    <UNICODE>X</UNICODE>
   </VSEOCLASS>
   <DESCRIPTIONS>
    <SEOCOMPOTX>
     <CLSNAME>ZCL_PMT_WRFC_JSONP</CLSNAME>
     <CMPNAME>ADD_ROW_RESULTS</CMPNAME>
     <LANGU>E</LANGU>
     <DESCRIPT>Add row results</DESCRIPT>
    </SEOCOMPOTX>
    <SEOCOMPOTX>
     <CLSNAME>ZCL_PMT_WRFC_JSONP</CLSNAME>
     <CMPNAME>ADD_TO_DICTIONARY</CMPNAME>
     <LANGU>E</LANGU>
     <DESCRIPT>Add row table result</DESCRIPT>
    </SEOCOMPOTX>
    <SEOCOMPOTX>
     <CLSNAME>ZCL_PMT_WRFC_JSONP</CLSNAME>
     <CMPNAME>BUILD</CMPNAME>
     <LANGU>E</LANGU>
     <DESCRIPT>Build json</DESCRIPT>
    </SEOCOMPOTX>
    <SEOCOMPOTX>
     <CLSNAME>ZCL_PMT_WRFC_JSONP</CLSNAME>
     <CMPNAME>BUILD_ERRORS</CMPNAME>
     <LANGU>E</LANGU>
     <DESCRIPT>Build errors json</DESCRIPT>
    </SEOCOMPOTX>
    <SEOCOMPOTX>
     <CLSNAME>ZCL_PMT_WRFC_JSONP</CLSNAME>
     <CMPNAME>BUILD_ERRS</CMPNAME>
     <LANGU>E</LANGU>
     <DESCRIPT>Build errors messages</DESCRIPT>
    </SEOCOMPOTX>
    <SEOCOMPOTX>
     <CLSNAME>ZCL_PMT_WRFC_JSONP</CLSNAME>
     <CMPNAME>BUILD_INTERFACE</CMPNAME>
     <LANGU>E</LANGU>
     <DESCRIPT>Build interface function module json</DESCRIPT>
    </SEOCOMPOTX>
    <SEOCOMPOTX>
     <CLSNAME>ZCL_PMT_WRFC_JSONP</CLSNAME>
     <CMPNAME>BUILD_RESULTS</CMPNAME>
     <LANGU>E</LANGU>
     <DESCRIPT>Builds results</DESCRIPT>
    </SEOCOMPOTX>
    <SEOCOMPOTX>
     <CLSNAME>ZCL_PMT_WRFC_JSONP</CLSNAME>
     <CMPNAME>BUILD_SYSTEM_INFO</CMPNAME>
     <LANGU>E</LANGU>
     <DESCRIPT>Build system informations</DESCRIPT>
    </SEOCOMPOTX>
    <SEOCOMPOTX>
     <CLSNAME>ZCL_PMT_WRFC_JSONP</CLSNAME>
     <CMPNAME>BUILD_USER_INFO</CMPNAME>
     <LANGU>E</LANGU>
     <DESCRIPT>Build user informations</DESCRIPT>
    </SEOCOMPOTX>
    <SEOCOMPOTX>
     <CLSNAME>ZCL_PMT_WRFC_JSONP</CLSNAME>
     <CMPNAME>BUILD_WEBRFC_INFO</CMPNAME>
     <LANGU>E</LANGU>
     <DESCRIPT>Build webrfc user informations</DESCRIPT>
    </SEOCOMPOTX>
    <SEOCOMPOTX>
     <CLSNAME>ZCL_PMT_WRFC_JSONP</CLSNAME>
     <CMPNAME>CAMEL_CASE</CMPNAME>
     <LANGU>E</LANGU>
     <DESCRIPT>Replace variable in camel case</DESCRIPT>
    </SEOCOMPOTX>
    <SEOCOMPOTX>
     <CLSNAME>ZCL_PMT_WRFC_JSONP</CLSNAME>
     <CMPNAME>CLOSE_CALLBACK</CMPNAME>
     <LANGU>E</LANGU>
     <DESCRIPT>Close callback key</DESCRIPT>
    </SEOCOMPOTX>
    <SEOCOMPOTX>
     <CLSNAME>ZCL_PMT_WRFC_JSONP</CLSNAME>
     <CMPNAME>CLOSE_ERRORS</CMPNAME>
     <LANGU>E</LANGU>
     <DESCRIPT>Close errors key</DESCRIPT>
    </SEOCOMPOTX>
    <SEOCOMPOTX>
     <CLSNAME>ZCL_PMT_WRFC_JSONP</CLSNAME>
     <CMPNAME>CLOSE_KEY</CMPNAME>
     <LANGU>E</LANGU>
     <DESCRIPT>Close key</DESCRIPT>
    </SEOCOMPOTX>
    <SEOCOMPOTX>
     <CLSNAME>ZCL_PMT_WRFC_JSONP</CLSNAME>
     <CMPNAME>CLOSE_RESULTS</CMPNAME>
     <LANGU>E</LANGU>
     <DESCRIPT>Close results key</DESCRIPT>
    </SEOCOMPOTX>
    <SEOCOMPOTX>
     <CLSNAME>ZCL_PMT_WRFC_JSONP</CLSNAME>
     <CMPNAME>CONSTRUCTOR</CMPNAME>
     <LANGU>E</LANGU>
     <DESCRIPT>Constructor</DESCRIPT>
    </SEOCOMPOTX>
    <SEOCOMPOTX>
     <CLSNAME>ZCL_PMT_WRFC_JSONP</CLSNAME>
     <CMPNAME>DICTIONARY</CMPNAME>
     <LANGU>E</LANGU>
     <DESCRIPT>Add dictionary</DESCRIPT>
    </SEOCOMPOTX>
    <SEOCOMPOTX>
     <CLSNAME>ZCL_PMT_WRFC_JSONP</CLSNAME>
     <CMPNAME>GET_JSON_STRING</CMPNAME>
     <LANGU>E</LANGU>
     <DESCRIPT>Get jsonp string</DESCRIPT>
    </SEOCOMPOTX>
    <SEOCOMPOTX>
     <CLSNAME>ZCL_PMT_WRFC_JSONP</CLSNAME>
     <CMPNAME>GET_JSON_TABLE</CMPNAME>
     <LANGU>E</LANGU>
     <DESCRIPT>Get jsonp table</DESCRIPT>
    </SEOCOMPOTX>
    <SEOCOMPOTX>
     <CLSNAME>ZCL_PMT_WRFC_JSONP</CLSNAME>
     <CMPNAME>GO_CLASS</CMPNAME>
     <LANGU>E</LANGU>
     <DESCRIPT>Class utility</DESCRIPT>
    </SEOCOMPOTX>
    <SEOCOMPOTX>
     <CLSNAME>ZCL_PMT_WRFC_JSONP</CLSNAME>
     <CMPNAME>GO_FUNCTION</CMPNAME>
     <LANGU>E</LANGU>
     <DESCRIPT>Function utility</DESCRIPT>
    </SEOCOMPOTX>
    <SEOCOMPOTX>
     <CLSNAME>ZCL_PMT_WRFC_JSONP</CLSNAME>
     <CMPNAME>GS_FUNCTION_RESULTS</CMPNAME>
     <LANGU>E</LANGU>
     <DESCRIPT>Function module results</DESCRIPT>
    </SEOCOMPOTX>
    <SEOCOMPOTX>
     <CLSNAME>ZCL_PMT_WRFC_JSONP</CLSNAME>
     <CMPNAME>GT_JSONP</CMPNAME>
     <LANGU>E</LANGU>
     <DESCRIPT>Table for HTML File</DESCRIPT>
    </SEOCOMPOTX>
    <SEOCOMPOTX>
     <CLSNAME>ZCL_PMT_WRFC_JSONP</CLSNAME>
     <CMPNAME>GV_CALLBACK</CMPNAME>
     <LANGU>E</LANGU>
     <DESCRIPT>Callback function</DESCRIPT>
    </SEOCOMPOTX>
    <SEOCOMPOTX>
     <CLSNAME>ZCL_PMT_WRFC_JSONP</CLSNAME>
     <CMPNAME>GV_JSONP</CMPNAME>
     <LANGU>E</LANGU>
     <DESCRIPT>Jsonp string</DESCRIPT>
    </SEOCOMPOTX>
    <SEOCOMPOTX>
     <CLSNAME>ZCL_PMT_WRFC_JSONP</CLSNAME>
     <CMPNAME>GV_WEBRFC_USER</CMPNAME>
     <LANGU>E</LANGU>
     <DESCRIPT>User</DESCRIPT>
    </SEOCOMPOTX>
    <SEOCOMPOTX>
     <CLSNAME>ZCL_PMT_WRFC_JSONP</CLSNAME>
     <CMPNAME>OPEN_CALLBACK</CMPNAME>
     <LANGU>E</LANGU>
     <DESCRIPT>Open callback key</DESCRIPT>
    </SEOCOMPOTX>
    <SEOCOMPOTX>
     <CLSNAME>ZCL_PMT_WRFC_JSONP</CLSNAME>
     <CMPNAME>OPEN_ERRORS</CMPNAME>
     <LANGU>E</LANGU>
     <DESCRIPT>Open errors key</DESCRIPT>
    </SEOCOMPOTX>
    <SEOCOMPOTX>
     <CLSNAME>ZCL_PMT_WRFC_JSONP</CLSNAME>
     <CMPNAME>OPEN_KEY</CMPNAME>
     <LANGU>E</LANGU>
     <DESCRIPT>Open key</DESCRIPT>
    </SEOCOMPOTX>
    <SEOCOMPOTX>
     <CLSNAME>ZCL_PMT_WRFC_JSONP</CLSNAME>
     <CMPNAME>OPEN_RESULTS</CMPNAME>
     <LANGU>E</LANGU>
     <DESCRIPT>Open results key</DESCRIPT>
    </SEOCOMPOTX>
    <SEOCOMPOTX>
     <CLSNAME>ZCL_PMT_WRFC_JSONP</CLSNAME>
     <CMPNAME>REMOVE_EXTRA_COMMA</CMPNAME>
     <LANGU>E</LANGU>
     <DESCRIPT>Remove redundant comma</DESCRIPT>
    </SEOCOMPOTX>
   </DESCRIPTIONS>
  </asx:values>
 </asx:abap>
</abapGit>
