﻿<?xml version="1.0" encoding="utf-8"?>
<abapGit version="v1.0.0" serializer="LCL_OBJECT_NROB" serializer_version="v1.0.0">
 <asx:abap xmlns:asx="http://www.sap.com/abapxml" version="1.0">
  <asx:values>
   <ATTRIBUTES>
    <OBJECT>ZWRFC_LOG</OBJECT>
    <DOMLEN>NUMC20</DOMLEN>
    <PERCENTAGE>10.0</PERCENTAGE>
    <CODE>SLGN</CODE>
    <BUFFER>X</BUFFER>
    <NOIVBUFFER>00000100</NOIVBUFFER>
   </ATTRIBUTES>
   <TEXT>
    <LANGU>E</LANGU>
    <OBJECT>ZWRFC_LOG</OBJECT>
    <TXT>Webrfc Log ID</TXT>
    <TXTSHORT>Log ID</TXTSHORT>
   </TEXT>
  </asx:values>
 </asx:abap>
</abapGit>
